timestamp;portfolio_original_compound_return;portfolio_risk_compound_return;portfolio_sharpe_compound_return
2018-10-01;1.0;1.0;1.0
2018-10-02;1.0041371375620558;1.005061402483363;1.0049293001204396
2018-10-03;1.0067643739460224;1.0120643589175238;1.0134488970123932
2018-10-04;0.9976894085804506;0.994186252546409;0.9946698030912735
2018-10-05;0.9883219477079168;0.9808399525603194;0.9817034889186023
2018-10-08;0.9863612560013792;0.9760255385178211;0.9766796493050596
2018-10-09;0.9881673806950986;0.9863708058779059;0.9898694194494323
2018-10-10;0.9652731180219603;0.9407498379806359;0.9415723668773365
2018-10-11;0.9552686494349816;0.9318160518184854;0.9351355855950751
2018-10-12;0.9692775272327093;0.9619391455117468;0.9682037142245402
2018-10-15;0.9636369515651412;0.9452886175050994;0.9485127077741856
2018-10-16;0.9781808290545233;0.9692328835776601;0.9722057243333974
2018-10-17;0.9545275062067832;0.9558935901015886;0.9685155985566861
2018-10-18;0.9403575747360762;0.9340232110695934;0.9468945767065383
2018-10-19;0.9415207638648302;0.9415971270429612;0.9573081779446415
2018-10-22;0.9452594480675243;0.9481577719145498;0.9639871230359561
2018-10-23;0.9505280780700376;0.9514087657391485;0.9661387503773966
2018-10-24;0.9320534901811731;0.9146238377502803;0.9273006691335053
2018-10-25;0.9365059387284086;0.939673497412797;0.9580340297069554
2018-10-26;0.9283439283524852;0.9259215767087208;0.943825334647423
2018-10-29;0.9116227203305072;0.903250039725465;0.9231165580776791
2018-10-30;0.9032963304544267;0.9013324132333637;0.9259801411358058
2018-10-31;0.9104305300701474;0.9224675208460508;0.9511503498312424
2018-11-01;0.9179363495428281;0.9306521126320613;0.9588210340695607
2018-11-02;0.8969359064074477;0.8923987147379853;0.9154592728551707
2018-11-05;0.8995095343911156;0.8845412219313802;0.9010493883528108
2018-11-06;0.9093055399398544;0.8938902791570449;0.9083367627215938
2018-11-07;0.9213897800438738;0.921051668410737;0.9384096988943348
2018-11-08;0.9206722319524717;0.9187760679157453;0.9356092068313256
2018-11-09;0.9157048295260818;0.9036027396170322;0.9175041018891448
2018-11-12;0.895996004163294;0.8676087234731708;0.8785500982910371
2018-11-13;0.8931769706331586;0.8624253990340967;0.8726502155521776
2018-11-14;0.8841888401726048;0.8438865595536802;0.8517934070625506
2018-11-15;0.8934714809611681;0.8624741959068071;0.8721142071576616
2018-11-16;0.8967271629651437;0.8704771136288871;0.8813277433138986
2018-11-19;0.8832771977582657;0.8407490900242166;0.8479558749348051
2018-11-20;0.8637670746397135;0.8073885226498954;0.8126508489727784
2018-11-21;0.8665033199350011;0.8109621486114427;0.8154568610226349
2018-11-23;0.8568753861661699;0.7970664419054211;0.8010207060324813
2018-11-26;0.8655505498777291;0.8125331999341535;0.8166506257000914
2018-11-27;0.8660062432074107;0.8132001761636509;0.817001535723467
2018-11-28;0.8824248182354938;0.8426692784312245;0.8480893874330726
2018-11-29;0.8771197257237153;0.8355074057566154;0.8413949440835904
2018-11-30;0.8817415367171513;0.8367504702325085;0.8398926722729971
2018-12-03;0.8931983211355117;0.8577918582374734;0.8630069737281435
2018-12-04;0.873477755853607;0.8244062721901708;0.8282678668029113
2018-12-06;0.875534072650895;0.8222661309822842;0.8234480277092405
2018-12-07;0.8564810524153623;0.7918934648252136;0.7929803631655559
2018-12-10;0.8620277325159986;0.8020290989227891;0.8030448925487527
2018-12-11;0.8600362720876449;0.8009229301442773;0.8021617976584657
2018-12-12;0.8613316421714623;0.8034465793788178;0.8048233735077159
2018-12-13;0.8632415363742734;0.8090927817296043;0.8117591229068659
2018-12-14;0.853174628136801;0.7861484293190295;0.7859721881217578
2018-12-17;0.842680749615383;0.7723471928255976;0.7737464883388845
2018-12-18;0.8471629315342927;0.781015454111083;0.7832052184644189
2018-12-19;0.838756283882917;0.7654693623828601;0.7656435082421383
2018-12-20;0.8250369277083891;0.7465486981036027;0.7473146788771566
2018-12-21;0.810854681083525;0.7208637911953756;0.7197612484606062
2018-12-24;0.7971712992074946;0.6988514659438005;0.6976246136285189
2018-12-26;0.8225054036758218;0.7443409187943477;0.7462991344123455
2018-12-27;0.8261983765148306;0.7447665174190443;0.7443618452074565
2018-12-28;0.8246915542034556;0.742842365142097;0.7428375915423375
2018-12-31;0.8284836799508197;0.7500095108994305;0.7504947482635141
2019-01-02;0.8321345858487361;0.751077389867177;0.7500645586943714
2019-01-03;0.8022848512128734;0.6965017833078712;0.6898506184860433
2019-01-04;0.8219601689470247;0.7265659940438673;0.7201107139390872
2019-01-07;0.8231558369405683;0.7265247119064238;0.7192836482117138
2019-01-08;0.8313747886543255;0.7377039036519487;0.7303810983203517
2019-01-09;0.8374002418812511;0.7487342733365845;0.7421814873028422
2019-01-10;0.8404928610144622;0.7498991714047069;0.7423563420509434
2019-01-11;0.8373340717978167;0.7436689873011564;0.735546676526627
2019-01-14;0.8313438043947101;0.7345895055342877;0.7262382325199983
2019-01-15;0.839224235164032;0.7502816362754164;0.7430099535730539
2019-01-16;0.8420724767125254;0.7564338766567706;0.75009961692385
2019-01-17;0.8447564593323262;0.7610046213418044;0.7548038299000366
2019-01-18;0.8496980956417285;0.7681535770369358;0.7615022213201321
2019-01-22;0.8413000463481187;0.7528758587564458;0.7452527794100894
2019-01-23;0.8636829013957276;0.7653433801531753;0.7495743761175113
2019-01-24;0.8609272685326739;0.7604390879912462;0.7443588957028306
2019-01-25;0.8722921113249911;0.7786603930467006;0.7635270915946394
2019-01-28;0.8704563054310847;0.7706487597657211;0.7540536010157822
2019-01-29;0.8678663960920978;0.7618402773395251;0.7439177347171666
2019-01-30;0.8857549044183749;0.8000130576561101;0.7867606286464103
2019-01-31;0.8877475536470446;0.7998095169222441;0.7862455328055789
2019-02-01;0.8872415523394386;0.7965606488010764;0.7826847872651825
2019-02-04;0.8969656999376485;0.817050135275927;0.8050119230401405
2019-02-05;0.9022862514467179;0.8287610323448564;0.8180142144969383
2019-02-06;0.9039171424852446;0.827236107983184;0.8154157947765459
2019-02-07;0.8956780129614726;0.8149020497121356;0.8029257777324431
2019-02-08;0.8970414672849254;0.8167075563534445;0.8045148927691189
2019-02-11;0.8960573898293216;0.8132599674857539;0.8003279448931193
2019-02-12;0.9025066938102517;0.8224660106921234;0.808939593206486
2019-02-13;0.9043072303353077;0.8214517654081864;0.8064265161672534
2019-02-14;0.9032439454303063;0.8225946386347502;0.8086695780469568
2019-02-15;0.9057185134669413;0.8253536069670251;0.8104964581646202
2019-02-19;0.9078505631849432;0.8273076338769818;0.8120604277475336
2019-02-20;0.9082287335582524;0.8288789888073365;0.8143848133938177
2019-02-21;0.9063764995884509;0.8303625849706935;0.8164909845494196
2019-02-22;0.9121940565316771;0.840182004280988;0.8263846089097293
2019-02-25;0.9146002180771943;0.8452726555489896;0.8319728049823849
2019-02-26;0.9152692356509775;0.8472705865565862;0.8340698004524207
2019-02-27;0.9150388978739737;0.8480428779874041;0.8354244702632871
2019-02-28;0.910287443198291;0.8418330804047038;0.8294148555861449
2019-03-01;0.9152732996543432;0.8490644116767301;0.8365894484045825
2019-03-04;0.9151354112848015;0.8504961589530277;0.8388847578087126
2019-03-05;0.9135450359059454;0.8480101576525723;0.8365403153801565
2019-03-06;0.9101791475611329;0.8443812259721091;0.8333231416090753
2019-03-07;0.9037893763018334;0.8344504940940886;0.8235250863674577
2019-03-08;0.9038929860136348;0.835658812904934;0.8251556359034812
2019-03-11;0.9185460251877972;0.8599517276529195;0.8502755947874553
2019-03-12;0.922782669913193;0.8678479554813004;0.8587210996377014
2019-03-13;0.9245674142944424;0.872135215872134;0.8633964566136674
2019-03-14;0.9281112474748741;0.8784018135274733;0.8702500733965022
2019-03-15;0.9330171048177717;0.8884825085415313;0.8811717979303666
2019-03-18;0.9374403539782115;0.8979213436562863;0.8912823654516542
2019-03-19;0.935773298818091;0.8939979462544912;0.8865791083798713
2019-03-20;0.9364480578785298;0.8977174216970925;0.8916412689217768
2019-03-21;0.9504978333191452;0.9246960700788959;0.9206794506405801
2019-03-22;0.940580920307386;0.9050556101598604;0.9000102806887336
2019-03-25;0.9366227902121844;0.8993656894376733;0.8939197111567267
2019-03-26;0.9358193546521554;0.8951271457351901;0.8881101961496177
2019-03-27;0.9363822612909449;0.8969560761314324;0.8909981223410492
2019-03-28;0.9381267766082872;0.8985937943925084;0.8921919980937231
2019-03-29;0.942334551773047;0.9051723554364498;0.8985889402989797
2019-04-01;0.948662245288794;0.9129588809022978;0.9053456477248716
2019-04-02;0.9522035628445751;0.9210958807464855;0.9148548200812225
2019-04-03;0.9554202658248729;0.9270273278362429;0.9210386308725893
2019-04-04;0.9542228802525495;0.9260535619080227;0.9207074660863876
2019-04-05;0.9571417008122363;0.9313149963987639;0.9262324011363827
2019-04-08;0.9618806342231908;0.9404004062597933;0.9364180308083369
2019-04-09;0.9584394473450435;0.9362350185684237;0.9329125268828263
2019-04-10;0.9618948684491436;0.9420734154504332;0.9387283572332646
2019-04-11;0.9610262044069962;0.9382735390659253;0.9336550023177469
2019-04-12;0.9620532374345667;0.9397870617019473;0.9348752886479149
2019-04-15;0.9616759600386718;0.9406170842876188;0.9362847355278132
2019-04-16;0.9641909778115373;0.9412323848707446;0.9356834321046544
2019-04-17;0.957806181446835;0.9489926375488972;0.9506815754475185
2019-04-18;0.9613588174573977;0.9553864398013654;0.9568903978785802
2019-04-22;0.9593471864792088;0.956719276030347;0.9599983787951303
2019-04-23;0.9667101442959369;0.9698828447346498;0.9735940567869082
2019-04-24;0.96525098665004;0.9676616567686123;0.9715275966101855
2019-04-25;0.9598918018776037;0.96923977131677;0.9753235345297354
2019-04-26;0.9601996172597813;0.9686201094096168;0.9738195391957617
2019-04-29;0.9598310372951877;0.9689135479892778;0.9745657061746344
2019-04-30;0.9568126594716628;0.9603191583277135;0.9634915220797768
2019-05-01;0.9714958122191683;0.9841458849709456;0.9900588565911018
2019-05-02;0.9675878742950205;0.9760447461303956;0.9816200725042024
2019-05-03;0.9725688430319283;0.9893561623631085;0.9965056733256584
2019-05-06;0.9683335519191093;0.9787278286353117;0.9840678638500119
2019-05-07;0.9548324242037454;0.9549487040980371;0.9594885359061595
2019-05-08;0.9556381210840552;0.955386586083054;0.95959599482687
2019-05-09;0.950397275238966;0.9481395128369036;0.9524347085178827
2019-05-10;0.9464204058443825;0.943305866094276;0.9471413197598336
2019-05-13;0.9217358522974097;0.8991003057247396;0.9003664733513675
2019-05-14;0.9300900019253253;0.9120905097770037;0.9133333607463281
2019-05-15;0.9357139732585245;0.9230174410976513;0.9248507908206236
2019-05-16;0.9375700993367317;0.9273770076318141;0.9286048707210603
2019-05-17;0.9327427750318832;0.9211360310876952;0.9230462770773566
2019-05-20;0.9256593636001667;0.900989133013183;0.8989611970205164
2019-05-21;0.9337164883840645;0.9139428136171894;0.9123825335678105
2019-05-22;0.9277768004736726;0.9038917977263822;0.9011550844343053
2019-05-23;0.9149421387763185;0.8882211435608627;0.8872696594854919
2019-05-24;0.9136599023818993;0.8861539790903634;0.8850403435985819
2019-05-28;0.9087553399717683;0.8821102145486694;0.8823343126669947
2019-05-29;0.9058460567702479;0.8766641110417464;0.8767957571843348
2019-05-30;0.9070040871971453;0.8807295502346225;0.8816499403221805
2019-05-31;0.8966567435926592;0.8649640101337568;0.8661695955844039
2019-06-03;0.8966484832869285;0.8539996075466993;0.8518322476372258
2019-06-04;0.9157585342800078;0.883060034036223;0.8806680826997008
2019-06-05;0.9177090346732617;0.8955089019108972;0.896385098217893
2019-06-06;0.923279565198791;0.9077930056351324;0.909858136953076
2019-06-07;0.9329354533520812;0.9299883577618668;0.9344652859481267
2019-06-10;0.9395144008827131;0.9407465091680568;0.9453585736849193
2019-06-11;0.945309286686587;0.9476233643390022;0.9518403500821588
2019-06-12;0.9421538390154435;0.9436415031222105;0.9483907233158622
2019-06-13;0.9439607854913113;0.9458963734127476;0.9500974774566837
2019-06-14;0.940631723908681;0.9413743266134895;0.9456077577225047
2019-06-17;0.9418978376950198;0.9453219233346556;0.9503924830928353
2019-06-18;0.9515376931194535;0.9644006183143418;0.9709515586316829
2019-06-19;0.952168581697518;0.9643307177133903;0.9701584599345473
2019-06-20;0.9581523176605943;0.9730324686698584;0.9783274702201052
2019-06-21;0.9578969224318216;0.9713889613720135;0.9760623645165759
2019-06-24;0.9579174545984656;0.9724028436741396;0.9771585259474823
2019-06-25;0.9515198977627937;0.9546697619521369;0.9574118916656924
2019-06-26;0.9580241512694339;0.9682843096291792;0.9728520652015762
2019-06-27;0.9579378427873375;0.9685129980600921;0.9731415181667153
2019-06-28;0.9540329815931016;0.9622041680429313;0.9665786586080053
2019-07-01;0.9633917515875531;0.9779765087187027;0.9826703573785167
2019-07-02;0.9657863431418167;0.9834366919582576;0.9886589515045282
2019-07-03;0.9709148605395328;0.9912762305713712;0.9962909725252654
2019-07-05;0.9703291059622164;0.989856563208976;0.994791554763288
2019-07-08;0.9626606181440687;0.9764910928661409;0.9803713202046445
2019-07-09;0.9618745563272212;0.9780204193122398;0.9834098458815086
2019-07-10;0.9670890814579705;0.9875368120460001;0.9932244842946523
2019-07-11;0.9665666235977292;0.984912773438756;0.9894363162888965
2019-07-12;0.9718739432891473;0.9918549197535733;0.9957988369321215
2019-07-15;0.9757978789071392;0.9980722512659118;1.0022757304986065
2019-07-16;0.9752139757630456;0.9928404428964603;0.9958341320996636
2019-07-17;0.9726311088371302;0.9875145660362868;0.9901466108299295
2019-07-18;0.9893247866995383;1.000825159778862;0.9982689011478991
2019-07-19;0.9849935051524945;0.9921639763023483;0.9884026479056524
2019-07-22;0.9918652814135807;1.0093519677162763;1.0080703450572208
2019-07-23;0.9954633282475711;1.0163389096521485;1.015453305598458
2019-07-24;0.9945251665374222;1.0181710273485134;1.0180887365888853
2019-07-25;0.9928819021124989;1.0126351772138993;1.0113356462837395
2019-07-26;0.9958390484821869;1.0177898066798152;1.0163233930443945
2019-07-29;0.9976815545596843;1.0225551573967377;1.0222082335142904
2019-07-30;0.9941949284756676;1.0175979808438034;1.0176541409006632
2019-07-31;0.9972337616076885;1.0212515534931328;1.0229269634007805
2019-08-01;0.9949577266650883;1.0132050931965362;1.011736975461422
2019-08-02;0.9825462419202443;0.9951642173158713;0.9943014616096754
2019-08-05;0.9541243689018444;0.948788265647221;0.9477861567189667
2019-08-06;0.9594819450583291;0.9642145285906936;0.9656778500011889
2019-08-07;0.9591491751692905;0.9698368630047307;0.9739024306476529
2019-08-08;0.9708943401494843;0.9919334918424003;0.9967699883393027
2019-08-09;0.9602496155123454;0.9809776641392011;0.9884993555883091
2019-08-12;0.9552651313882504;0.9739902531635574;0.9825222552761688
2019-08-13;0.9709696614515008;1.0058641485662543;1.017583951057548
2019-08-14;0.9525603630146333;0.9753540874367402;0.9872174407287333
2019-08-15;0.95259558610278;0.9725274324470821;0.9831326311605557
2019-08-16;0.9633244529205528;0.9928804668796203;1.0047359821930748
2019-08-19;0.971478063588893;1.0096754253881488;1.022882394687731
2019-08-20;0.9670891893791399;1.0054726981899607;1.020301053826718
2019-08-21;0.9729605015886552;1.0162508210795627;1.0314563959075294
2019-08-22;0.9728656128786263;1.0139155367573456;1.028542354212668
2019-08-23;0.9490545976540378;0.9722736547392875;0.9855466141439123
2019-08-26;0.9553868896604943;0.98776198617857;1.0031929505975985
2019-08-27;0.9547545521186738;0.9827568892162514;0.9960169949800851
2019-08-28;0.9601485613230221;0.9880683240640254;1.0002377741093262
2019-08-29;0.9696253716539934;1.0051593425597785;1.0177746367647567
2019-08-30;0.9706514178499285;1.0045526261004358;1.0162749127745663
2019-09-03;0.963338120048068;0.9908246797318314;1.001900146379116
2019-09-04;0.9730258140149554;1.0062462715854839;1.017271534228715
2019-09-05;0.9886903189715972;1.027425980085507;1.0365447557954643
2019-09-06;0.9878208874659888;1.025190781612056;1.0343140215634155
2019-09-09;0.9933650209802584;1.026913599051028;1.0337546078460147
2019-09-10;1.0020055000759882;1.0339679969656328;1.0388782610470217
2019-09-11;1.0085581818370395;1.052609705488988;1.0618400082726798
2019-09-12;1.0079237099265461;1.0539586386402988;1.0635564356229001
2019-09-13;1.0021465257416389;1.041155224599573;1.0487563422983277
2019-09-16;1.0012368590180083;1.0413852718024037;1.0502469101995375
2019-09-17;1.00173932848937;1.0454711874485538;1.055404685737174
2019-09-18;1.004600264403807;1.0536435560450756;1.0649286801208484
2019-09-19;1.0037408935601817;1.0541467458648877;1.064970525968461
2019-09-20;0.9970433298241678;1.0405723142957486;1.0504066064706705
2019-09-23;0.998803931596299;1.0430688613723658;1.053017787299738
2019-09-24;0.9965566037342771;1.0362979609282168;1.045452991605764
2019-09-25;1.0042806065293954;1.0512849119831513;1.0612277816905566
2019-09-26;1.0035474476634147;1.048728286418395;1.0578602150955843
2019-09-27;1.0014322920747674;1.0418480053974584;1.050074413647346
2019-09-30;1.0130753059249282;1.0614354308081855;1.0702336582750243
2019-10-01;1.0102382959536385;1.0576439240423259;1.0676423216013693
2019-10-02;0.9984849306071063;1.03477780249795;1.0433138768291348
2019-10-03;1.001727130112953;1.0436446294181025;1.0533356413051838
2019-10-04;1.0122037649599287;1.0659974401737813;1.0781533137738495
2019-10-07;1.0086392012501435;1.062423102498254;1.0759158941206868
2019-10-08;0.9988831650960076;1.0490007188638926;1.0636890697572912
2019-10-09;1.0051888045588615;1.062881236674859;1.0785196264092838
2019-10-10;1.0124055393067568;1.0747996066513243;1.0906479789584616
2019-10-11;1.0239918897876084;1.0950226982156521;1.1121306598832053
2019-10-14;1.0220003812050473;1.0930468392184314;1.110703935752298
2019-10-15;1.0233576590095623;1.0965446173214743;1.1138578443142115
2019-10-16;1.0202075086597373;1.0906268259654504;1.1079365067132672
2019-10-17;1.0044893297226802;1.0835063376880363;1.109166604801885
2019-10-18;1.005555069272915;1.0819732593278457;1.107284235713001
2019-10-21;1.007389702094461;1.0937539790547517;1.1231079177201126
2019-10-22;1.0098443086204507;1.0896473718508524;1.1161873324053826
2019-10-23;1.0148594481428832;1.1007760681645158;1.1287477830886756
2019-10-24;1.0146578913341366;1.1070483147711452;1.1368659201089777
2019-10-25;1.0215174326407543;1.1184818042460114;1.1485343310902716
2019-10-28;1.0257864167831563;1.1329023102178803;1.165187870779856
2019-10-29;1.0138031190826102;1.1117933049215505;1.1431497788376088
2019-10-30;1.0170156644335313;1.1168724597429276;1.1474356834387058
2019-10-31;1.020485042385252;1.128057713912164;1.162368837972515
2019-11-01;1.0332943926666536;1.150303887732925;1.186080434567254
2019-11-04;1.0402247951415229;1.1590819743134608;1.19358052575768
2019-11-05;1.0402750788977593;1.1581398996530363;1.1921645236534806
2019-11-06;1.04242289928337;1.1586496309049477;1.1915019059746244
2019-11-07;1.047215675673185;1.1677709452203293;1.2015026506213928
2019-11-08;1.0478929374080121;1.173128228449077;1.2081356878906007
2019-11-11;1.0454935615052472;1.1765782526895632;1.2151410191640917
2019-11-12;1.0454843004712617;1.1780372200352467;1.2168275958656625
2019-11-13;1.0459218893112532;1.1840645979856443;1.2255103200519049
2019-11-14;1.0426307486026072;1.180041038386466;1.2215594370966096
2019-11-15;1.0472801894066086;1.1929256645155046;1.2364544854434347
2019-11-18;1.048653959330174;1.19722234939442;1.2417092201230049
2019-11-19;1.0481918096489407;1.1953738997854355;1.2392293519503008
2019-11-20;1.041445402681666;1.1847784730768767;1.2285826230484775
2019-11-21;1.041545803783739;1.1820484284835466;1.2244154699821195
2019-11-22;1.0424388172988535;1.1822455390686928;1.2239485980824776
2019-11-25;1.0517166895308907;1.2001184179716076;1.2429346263703605
2019-11-26;1.047210913410011;1.1949742871140918;1.2382384023288393
2019-11-27;1.0483610497655687;1.2037092573230515;1.2504798181036245
2019-11-29;1.0492670049232709;1.2010438812423678;1.2461983538551056
2019-12-02;1.0420219380270126;1.187013778240921;1.231587636596293
2019-12-03;1.0345900370505408;1.1726950665208034;1.215776875990117
2019-12-04;1.0370241406648668;1.1799093454854417;1.2245588828820482
2019-12-05;1.0413998456963582;1.1904938264639888;1.237197733826522
2019-12-06;1.050537263045602;1.209778115228882;1.258363514222618
2019-12-09;1.0477809404811973;1.1995629428411125;1.245171793240463
2019-12-10;1.0495945789816994;1.2033474687266676;1.2496277655820005
2019-12-11;1.0519276211944464;1.2105582106101782;1.2584570436399527
2019-12-12;1.0564122940100624;1.217503650340731;1.2646080964888105
2019-12-13;1.0581206344826324;1.2288050629974712;1.2797844769676965
2019-12-16;1.0633652691603128;1.2435172207471519;1.2974992893820525
2019-12-17;1.0642062610955114;1.2434052729839955;1.29710842929698
2019-12-18;1.0638953727894207;1.2411853434878466;1.294137168990245
2019-12-19;1.06457102651402;1.2448769327024531;1.2984904609943309
2019-12-20;1.0663541714628528;1.2480819503256104;1.3009904947324378
2019-12-23;1.0714801393714166;1.2604111359862318;1.315688200557224
2019-12-24;1.0704340363346443;1.2603507991691576;1.316477005998326
2019-12-26;1.0766388170738368;1.2780939752801759;1.3378798354189423
2019-12-27;1.0773781506122233;1.2788627576628762;1.338280779264674
2019-12-30;1.07341855227488;1.2774747462076437;1.340230764257453
2019-12-31;1.0787538338758502;1.2849994758758172;1.3472979904511848
2020-01-02;1.0894696497817853;1.3107015532147792;1.3762556921648597
2020-01-03;1.08368548785713;1.2973611612941056;1.3617197941992731
2020-01-06;1.0856952095577619;1.3041815375251387;1.3703147106401081
2020-01-07;1.0843819544288844;1.297542222778464;1.3620085664793713
2020-01-08;1.0923302695908768;1.3169842462773627;1.383852107735391
2020-01-09;1.1027540924792572;1.340092204379749;1.4095214088884926
2020-01-10;1.10338104304789;1.3402859207126627;1.409720761778567
2020-01-13;1.110235002208057;1.3616779841410402;1.4357871897240373
2020-01-14;1.1038355908929514;1.3469896720387253;1.4192533276683887
2020-01-15;1.104366960962979;1.3467934674512403;1.417870686059819
2020-01-16;1.1118151818251203;1.3651787032826987;1.4381606098260904
2020-01-17;1.1163055524241434;1.376761232867326;1.4516599689047882
2020-01-21;1.116118354838167;1.3710048324079793;1.4432453974023345
2020-01-22;1.1286696189340868;1.3786824556053334;1.4446782488811518
2020-01-23;1.1279000182879921;1.3835401401410996;1.452231203296583
2020-01-24;1.1214539074397203;1.3744923880065545;1.4448310225478762
2020-01-27;1.1069174317467325;1.3414619995329844;1.4079833252711664
2020-01-28;1.1185395187864502;1.372464979933544;1.4440479892313915
2020-01-29;1.121091063812176;1.3928719391440425;1.4719028717347986
2020-01-30;1.118356462774881;1.4003826508395996;1.4832012444709552
2020-01-31;1.1205538905680954;1.3671538734735758;1.430937384252417
2020-02-03;1.1255714219179764;1.3766835729426887;1.4389504838227798
2020-02-04;1.1432754741069586;1.4195295536129915;1.486412552464141
2020-02-05;1.1626796943164046;1.4355576995210528;1.4942451587010535
2020-02-06;1.167719070060472;1.4538934224954603;1.5158781442123241
2020-02-07;1.1591025479299404;1.4402319614498869;1.5023074602662447
2020-02-10;1.1630661237412077;1.4553069084876917;1.5193382831768405
2020-02-11;1.1588145596749213;1.4403664748224587;1.5024383850044005
2020-02-12;1.1712154063058045;1.4640526714120021;1.5278162792507208
2020-02-13;1.1664509855427583;1.454401303822531;1.5177391779469778
2020-02-14;1.158350608663957;1.4532584591463145;1.5221668579805583
2020-02-18;1.1529099878482982;1.4413706002806483;1.5076216529085453
2020-02-19;1.1573698148731082;1.4548440157466769;1.5241253229915264
2020-02-20;1.1546363525350682;1.4405851363964375;1.5061388249020797
2020-02-21;1.1436346979438137;1.4073519541141835;1.4678868656439414
2020-02-24;1.119529849418196;1.3468546581045777;1.4001421188240533
2020-02-25;1.0973275608360091;1.3075001545392608;1.3601996406779073
2020-02-26;1.0979966844781452;1.321790054319178;1.3803674270782107
2020-02-27;1.0608135963758678;1.2369110698950818;1.2879731177160239
2020-02-28;1.0535505619810355;1.2403301175694166;1.2970470855557277
2020-03-02;1.0930545859842082;1.3369866893018056;1.407202547590155
2020-03-03;1.0694551657043865;1.287467040577183;1.355513663515152
2020-03-04;1.0975787127260128;1.343108986740622;1.4143556782583433
2020-03-05;1.075441418123009;1.3016215796691322;1.3716731663933166
2020-03-06;1.0666242913111796;1.279226099043411;1.347131845051865
2020-03-09;1.0164643775634534;1.181991239428509;1.2452763303832808
2020-03-10;1.0564418657383705;1.2639243285990194;1.3335693738701246
2020-03-11;1.0281617270297647;1.2131920530269424;1.2829160466116891
2020-03-12;0.9580631239310298;1.089640506226905;1.1577680736215477
2020-03-13;1.0068678306571888;1.215957968438117;1.304443891669474
2020-03-16;0.9431890849164734;1.0614763798088607;1.129108174481301
2020-03-17;0.9772494391685185;1.123255707212106;1.1920843319928767
2020-03-18;0.9615508090607452;1.0900074534228972;1.1564407122750633
2020-03-19;0.9503982882246022;1.0848645086929525;1.1561608036488402
2020-03-20;0.9182317210054084;1.025268396952406;1.0919845451139432
2020-03-23;0.910589165248632;1.0085075986592953;1.072572834018713
2020-03-24;0.9688675461477251;1.1090183036546744;1.1770670937953591
2020-03-25;0.9682859421668967;1.1031326640982493;1.169111102039938
2020-03-26;1.0028921569914844;1.1660770080413179;1.2342046209479638
2020-03-27;0.9774829764503723;1.117636439931471;1.1832354354377879
2020-03-30;0.999152529025796;1.1640207789740282;1.2322217989435678
2020-03-31;0.9932323038617097;1.155080882132693;1.2245179299049702
2020-04-01;0.9620014543244296;1.09940820080708;1.1665335526323082
2020-04-02;0.9801575420173778;1.1233380115113327;1.1874428011719766
2020-04-03;0.9661479012090526;1.1057575783576916;1.172263217017625
2020-04-06;1.0145466058844026;1.1974563827440192;1.2698864620022217
2020-04-07;1.0113394733082648;1.1859103657557248;1.2554955710068625
2020-04-08;1.0305874091407492;1.213552729819514;1.2816172122071552
2020-04-09;1.0385463553673013;1.2219803003362801;1.2880437879166498
2020-04-13;1.0437640972954874;1.2367738749515649;1.3064341278795482
2020-04-14;1.0667117345936072;1.294207601897015;1.3720033009715833
2020-04-15;1.0503095439374084;1.2760874130695656;1.3589104519369415
2020-04-16;1.0449551077335355;1.2876476906976608;1.3789382020533076
2020-04-17;1.0525930369260497;1.2866239772531856;1.3697235328941655
2020-04-20;1.0468008912923203;1.2643167107186146;1.3416870010186028
2020-04-21;1.0275742673092614;1.22197309789598;1.295902237502943
2020-04-22;1.0431861585512503;1.2576099367037619;1.3352868504836855
2020-04-23;1.0473243448853473;1.2537192370032695;1.326731968338674
2020-04-24;1.0651206336243917;1.2863337225188587;1.3607027552538358
2020-04-27;1.0684209123519;1.2876458510721682;1.3601692617406522
2020-04-28;1.064116308074508;1.2674544663790552;1.334710308093703
2020-04-29;1.0807198501766795;1.3105905215013187;1.3834889409166753
2020-04-30;1.079673978917005;1.3263727217754742;1.4079654144453646
2020-05-01;1.0649404041704682;1.2992890295542825;1.3810559315724997
2020-05-04;1.0689626149938343;1.318286203024277;1.4049779244651206
2020-05-05;1.0761477493759348;1.335258909791477;1.424217825419525
2020-05-06;1.0810325228879962;1.3478664240345224;1.4387058968406121
2020-05-07;1.0835712506859898;1.3578714406095682;1.4515803520323134
2020-05-08;1.0960069424862657;1.3822054344308297;1.4780623223556448
2020-05-11;1.1001113919910814;1.3987386967344526;1.4992367871717378
2020-05-12;1.0900669394899043;1.3772970424343975;1.4769257058941676
2020-05-13;1.073800143174294;1.354758839840917;1.4577078501349254
2020-05-14;1.0791750894099654;1.3632764960044126;1.4658539189142437
2020-05-15;1.0773441139328515;1.3634879506875182;1.4664250243050898
2020-05-18;1.0976132026457424;1.3936629492804369;1.4946557656310284
2020-05-19;1.092270232145606;1.384310208603511;1.4854928646802772
2020-05-20;1.1016122900114762;1.4072773109771042;1.5118160475001798
2020-05-21;1.0929950428671389;1.3929948602115994;1.4984255706385274
2020-05-22;1.0930967254327713;1.397429542134729;1.5053056417547828
2020-05-26;1.1002100785315667;1.393370067647195;1.493350274619826
2020-05-27;1.1118948711306293;1.4034669168887084;1.4984621765384558
2020-05-28;1.1093580345457166;1.401485828351042;1.4978789852157042
2020-05-29;1.1100226824350252;1.4048708768798384;1.5015691982464148
2020-06-01;1.1140913108879287;1.4145363786881382;1.5132945428880316
2020-06-02;1.118609165193257;1.4243445454425623;1.5234420124300112
2020-06-03;1.128579795256584;1.4347265574260235;1.530388888742669
2020-06-04;1.1252441532182962;1.4221576885961258;1.5150656772986515
2020-06-05;1.1431610653188136;1.4600609904341364;1.5558468098473515
2020-06-08;1.1547713623817535;1.4732140372506175;1.5651817703640296
2020-06-09;1.155809287594807;1.4985830286327102;1.6030810509488953
2020-06-10;1.1594712521239083;1.5330674478723558;1.6499297543016156
2020-06-11;1.1110056363557193;1.4481277672492074;1.5678282841356173
2020-06-12;1.124898173668811;1.46520910199004;1.5810063363756257
2020-06-15;1.128351990405745;1.4781818657392285;1.5976521292205377
2020-06-16;1.1470623101058706;1.5170648117634513;1.6390117308116066
2020-06-17;1.143833740124573;1.5154561328287457;1.6391780978470758
2020-06-18;1.1439980194019967;1.5199762625333266;1.6450308875956716
2020-06-19;1.1373653203283376;1.5095477720535562;1.6355061427419364
2020-06-22;1.1423921624593738;1.5418732113208025;1.6791072423837168
2020-06-23;1.1450083663195767;1.5616020236511825;1.7073713739261773
2020-06-24;1.1303436214525964;1.5314557879867403;1.6759165644692604
2020-06-25;1.1424477004784608;1.5534591586000195;1.6978357460207554
2020-06-26;1.1266188298167688;1.513224097683389;1.651263318765193
2020-06-29;1.1417915310050346;1.5431050848000716;1.6830703377144423
2020-06-30;1.1475685485268594;1.5627884783877812;1.7060281510463944
2020-07-01;1.140560474352805;1.559360366981866;1.7068636439126785
2020-07-02;1.1439088381546842;1.564483993931673;1.7108660598827719
2020-07-06;1.1544935611020226;1.599385817147314;1.7538820148145908
2020-07-07;1.145897733456221;1.5868616722094275;1.743839385352853
2020-07-08;1.154284248692884;1.618463242193418;1.7837575313659289
2020-07-09;1.14988967245825;1.6218075615405012;1.7929104225486463
2020-07-10;1.1583637710920112;1.6273570354016864;1.7934086202162425
2020-07-13;1.15925647606817;1.6115847871072648;1.7706359190897583
2020-07-14;1.169096257058107;1.6329327400738012;1.7942891021900542
2020-07-15;1.178488027238139;1.6435999337698646;1.8020107252348772
2020-07-16;1.1770407654968855;1.6248621251737614;1.7756791940185694
2020-07-17;1.179459583582881;1.622732707423748;1.7704091904288768
2020-07-20;1.1904798917528303;1.663541064166272;1.8196524076859093
2020-07-21;1.184674585605099;1.6433137489673273;1.7947245034311252
2020-07-22;1.1930314121571048;1.656809703551276;1.8061511740501768
2020-07-23;1.1730132877491362;1.590233862440504;1.7250651421972605
2020-07-24;1.1678854116668742;1.5827178005434828;1.7188570025711942
2020-07-27;1.177359004765036;1.611354443468354;1.7537594546302269
2020-07-28;1.1666871384400332;1.5885280395539247;1.7289697835069782
2020-07-29;1.175786367689696;1.6126143858990765;1.7572859891355528
2020-07-30;1.1732430018800686;1.6198786819783972;1.7715828871122876
2020-07-31;1.2102051209932991;1.7252786614732607;1.9029489080306656
2020-08-03;1.2233992404039773;1.7790757959650096;1.9690754006627842
2020-08-04;1.230367507512796;1.7824966408355625;1.9690857266126605
2020-08-05;1.2305614755384655;1.7849200763128203;1.973032720031122
2020-08-06;1.2454131370038073;1.8313676659410076;2.0304113966607935
2020-08-07;1.2383261487606516;1.7986905400897586;1.9873347560524772
2020-08-10;1.2501176107429157;1.8097019500476104;1.9951590979480078
2020-08-11;1.2379019420017423;1.7654965878540898;1.9397243465865823
2020-08-12;1.2500976807785247;1.813922265642199;2.0014042128134233
2020-08-13;1.2517916157573903;1.829070580726928;2.0244832465014952
2020-08-14;1.2521777856324052;1.8290084216145164;2.0238310844246117
2020-08-17;1.2487080695503658;1.827522403423009;2.0242867524244383
2020-08-18;1.2532746206632326;1.8404269481203888;2.039548632209907
2020-08-19;1.2504958097224184;1.8368073741592599;2.037522169340909
2020-08-20;1.2567299817945994;1.8710729163329094;2.083412108119652
2020-08-21;1.2761893072260442;1.9262352283796425;2.1530801183840325
2020-08-24;1.28860208665634;1.9471928631023074;2.172991719945645
2020-08-25;1.2822317379624408;1.9417286280271737;2.169348531638284
2020-08-26;1.2860123387118134;1.9674747803829908;2.2042032615496723
2020-08-27;1.2828916777289403;1.9665361225976836;2.2026135770697692
2020-08-28;1.2835650280598283;1.9706640564163733;2.207112761082848
2020-08-31;1.2912048476212417;2.000062537299942;2.248903169540849
2020-09-01;1.3069171880330872;2.052621712625721;2.316258533888625
2020-09-02;1.3139813553331796;2.047768596894342;2.296770422565701
2020-09-03;1.270950862775794;1.907601043765826;2.1256900792012794
2020-09-04;1.2646161128109865;1.897020122280223;2.1174837283816967
2020-09-08;1.2357041492449028;1.7909441272675266;1.9835874965207947
2020-09-09;1.253701882325237;1.8559346361921887;2.064352077362017
2020-09-10;1.2361937293309013;1.8023093813894135;1.999898995845489
2020-09-11;1.2340932826019855;1.7867755034077564;1.9777063588530917
2020-09-14;1.2471039269805444;1.8236619970399979;2.0228365620436137
2020-09-15;1.2487764739074785;1.8337838221989207;2.0352938979769846
2020-09-16;1.243166025062281;1.7961944483186134;1.98251949762373
2020-09-17;1.2393140315322002;1.7753761987553198;1.9542429076442678
2020-09-18;1.2210919496720594;1.7313116182713661;1.9038597539792608
2020-09-21;1.224711017556951;1.763101573962284;1.9501159012020717
2020-09-22;1.2312796345337094;1.791295585271821;1.9857908132232014
2020-09-23;1.2106359101252588;1.7271607113080563;1.9080045061996262
2020-09-24;1.2121037360821783;1.7421716279056696;1.9291784786845345
2020-09-25;1.2283939564272965;1.7937605603123656;1.9928104652226086
2020-09-28;1.2458027789917296;1.8291036830888387;2.0305207123144413
2020-09-29;1.24054887157554;1.8142074281338074;2.013379137223626
2020-09-30;1.2484059628838728;1.8391852497269174;2.043569232077368
2020-10-01;1.2497898746647689;1.8521896431932747;2.061909008325543
2020-10-02;1.2360767474177032;1.800822469681253;1.9971068246962491
2020-10-05;1.25192360233226;1.8468069315445528;2.0521660376960966
2020-10-06;1.2410328548058271;1.8045380572287073;1.998018086857599
2020-10-07;1.253760071681861;1.8361701628310099;2.033191490799796
2020-10-08;1.2758948642321655;1.8518485094333834;2.0340821189345135
2020-10-09;1.2717827139346873;1.8760012664374854;2.0741233772876373
2020-10-12;1.2942863486577512;1.959652453344265;2.1818652643886036
2020-10-13;1.2775457600690823;1.9268867838039219;2.1462222490480674
2020-10-14;1.2804040703346895;1.9251252328991444;2.141400135283063
2020-10-15;1.2756801374514586;1.915621285509233;2.1319483689818863
2020-10-16;1.2735089927445757;1.9015086363452125;2.1112841357641954
2020-10-19;1.2625067527194485;1.8591332462781047;2.057862229059908
2020-10-20;1.242910894797453;1.858423686071674;2.0779274140468833
2020-10-21;1.233541449194729;1.8475820946659807;2.0705392860872966
2020-10-22;1.2322464100398298;1.8385597780356921;2.0570690421274453
2020-10-23;1.2307452920432975;1.8351503790264054;2.0522804718845395
2020-10-26;1.2187457910616168;1.8137347529981565;2.0344437217273144
2020-10-27;1.2182631791273069;1.8318813919656378;2.062864836137362
2020-10-28;1.188411738685668;1.7482758878784415;1.96526363102678
2020-10-29;1.2091760859933305;1.7972188193691;2.0217594798408123
2020-10-30;1.1980149686537993;1.737216879935125;1.9365151303491321
2020-11-02;1.2017412558083989;1.7387069573693068;1.9349947289066516
2020-11-03;1.2112677937403902;1.7665564343399587;1.9676272517723108
2020-11-04;1.2189132713341162;1.8273326689697464;2.052466054225072
2020-11-05;1.2412711610099778;1.8880420025525158;2.1230378449287426
2020-11-06;1.2384802689189194;1.8860188979621133;2.122628829673994
2020-11-09;1.241226290896317;1.858756189616265;2.077725506987278
2020-11-10;1.2477769007222048;1.8446012864457761;2.0517936559523706
2020-11-11;1.2568848493992186;1.8894537810858814;2.1114839344977856
2020-11-12;1.2473146133108268;1.878319313623739;2.1047283262893264
2020-11-13;1.2551515329488478;1.8864673864754278;2.1085558834181612
2020-11-16;1.2633011037044393;1.9014120120383589;2.123443246631036
2020-11-17;1.2583209318168795;1.8850337877576941;2.1039915841274905
2020-11-18;1.2510380157063459;1.8636190838762852;2.078886372955328
2020-11-19;1.2542954760220182;1.8733873597710617;2.090385303410224
2020-11-20;1.2494015977762292;1.8558195780260556;2.068380971435707
2020-11-23;1.2483499498841428;1.8285002965966906;2.0249438411793252
2020-11-24;1.2661952974282704;1.8587542914198845;2.0523178111818963
2020-11-25;1.2683601183270716;1.8667620358449415;2.062957032959124
2020-11-27;1.2706561294917091;1.8755737978035325;2.073886429307103
2020-11-30;1.2761548448090667;1.8953334984395154;2.1007413257951266
2020-12-01;1.2868411902686616;1.9349201334205326;2.1520371258831754
2020-12-02;1.2925501346038688;1.939602403314124;2.153835089623571
2020-12-03;1.2889663675771752;1.93350968298072;2.148661845728079
2020-12-04;1.2980266915178067;1.9348970689238425;2.140683373883239
2020-12-07;1.2951512446131956;1.9439472383621503;2.158652473325001
2020-12-08;1.3002762932023249;1.9561010569152786;2.171591802617322
2020-12-09;1.2954734053323618;1.9238352222972148;2.127142242698332
2020-12-10;1.2945233766691926;1.9310800052687203;2.1408419782943917
2020-12-11;1.2897634426976727;1.9281178076860197;2.1394336541605474
2020-12-14;1.2854679832238527;1.9226764220825447;2.1347123051614587
2020-12-15;1.312277242923543;1.9861832204335401;2.208525032828093
2020-12-16;1.310873786974664;1.9968762332391676;2.22403172372219
2020-12-17;1.3136122526747058;2.005653373261318;2.2351903692045116
2020-12-18;1.308292052262434;1.9850058270918174;2.2080005176236575
2020-12-21;1.3055007886785026;2.0039433570702756;2.2394415274973594
2020-12-22;1.3173472066805394;2.0422039041257527;2.2877514751942547
2020-12-23;1.3155174310445958;2.027414172390417;2.2675240253834676
2020-12-24;1.3210774871693687;2.04273780205161;2.2850920847837024
2020-12-28;1.3356654681232742;2.092605181724089;2.3486487721408036
2020-12-29;1.3270558083490958;2.0714013677458105;2.3243970296704397
2020-12-30;1.3253977096631995;2.056087303241347;2.30279476462169
2020-12-31;1.3272596545843307;2.051705463492167;2.2928801029804693
2021-01-04;1.3112804676126584;2.0054158962936603;2.2386380156432675
2021-01-05;1.323126967197162;2.0258661207242583;2.2584642450739967
2021-01-06;1.319677853248384;1.9779689419152091;2.1878140502322663
2021-01-07;1.3322687113327019;2.032712856987642;2.2586549706465404
2021-01-08;1.3342931165235594;2.045539329523647;2.2763858075760948
2021-01-11;1.325142632333893;2.0116848448195426;2.2329535560977103
2021-01-12;1.3265356652637341;2.005295444329213;2.22270898653268
2021-01-13;1.3259401654792307;2.023549527885727;2.252165262026321
2021-01-14;1.326347773008833;2.00151343751253;2.2179445270459364
2021-01-15;1.3190949003583898;1.982687201019666;2.195675973062564
2021-01-19;1.3231843633010216;1.9995705009360656;2.215966493032875
2021-01-20;1.3394880790253585;2.0603632118861053;2.2912589191931074
2021-01-21;1.3590691836163125;2.111161343631233;2.351388244947505
2021-01-22;1.3252377930758006;2.105430543430432;2.380705962093689
2021-01-25;1.3361435606879124;2.1492897649229956;2.437940322762368
2021-01-26;1.350033887790574;2.1678940453308537;2.449925371394454
2021-01-27;1.3468557774021312;2.1590760857728832;2.4387424481436017
2021-01-28;1.324834604317144;2.121628206442085;2.3991029039610363
2021-01-29;1.3067511602170243;2.0552412577527024;2.315416114107388
2021-02-01;1.3179340230122925;2.0966339911218;2.3655164626691114
2021-02-02;1.316831332021118;2.1017712763730785;2.375468595769491
2021-02-03;1.3127000936767796;2.0988677517888603;2.373327107358549
2021-02-04;1.329125163370658;2.1341444103956158;2.412673935487989
2021-02-05;1.3304287165242692;2.1324224230415867;2.4080898386635927
2021-02-08;1.3368309660449182;2.138823855420536;2.4107443746559003
2021-02-09;1.334583940499852;2.133485661564888;2.403750063144375
2021-02-10;1.3332179055407378;2.125790495022402;2.3932817575698464
2021-02-11;1.3280981032971653;2.123861211741886;2.3951644761627864
2021-02-12;1.3284432626713283;2.1269960172924183;2.39961670021317
2021-02-16;1.319616929839855;2.1015564173208015;2.3689757757926886
2021-02-17;1.312302234565682;2.0811075322538466;2.343209106963124
2021-02-18;1.3113961218131027;2.0711013414612647;2.3279882820916518
2021-02-19;1.3062113320403954;2.0624505359606125;2.3216906007092386
2021-02-22;1.3006925538508454;2.0154481458882794;2.25464293830411
2021-02-23;1.2997747006961493;2.0110271514953384;2.2492403830157905
2021-02-24;1.3062704572338426;2.01460336681304;2.246728106433485
2021-02-25;1.2902861685209586;1.9581760060533568;2.176239026183414
2021-02-26;1.2799612539897425;1.9604527820635198;2.189514228906628
2021-03-01;1.3064834329568626;2.0385257288295717;2.2843628372983584
2021-03-02;1.296963331184993;2.004953503818093;2.2422127670922722
2021-03-03;1.2940116054156101;1.9660019481654123;2.18563451200742
2021-03-04;1.2807349461880007;1.9403165809988803;2.159256152818751
2021-03-05;1.293561868361465;1.969635964050288;2.1895791635151753
2021-03-08;1.283645284874574;1.9149745822962316;2.1141610729871188
2021-03-09;1.297338852806773;1.9746314721886566;2.191875460981483
2021-03-10;1.3053521682137141;1.968803498794775;2.1741040505219345
2021-03-11;1.3095790919875943;1.9971800677976523;2.2124995481687884
2021-03-12;1.3080355937769008;1.9859736672948782;2.1968576138898137
2021-03-15;1.3206155076287787;2.015550405511922;2.231358691149346
2021-03-16;1.324616455588906;2.0367760215114235;2.2595232974154023
2021-03-17;1.324501110263993;2.0290487664488115;2.247473171079398
2021-03-18;1.3142008129070808;1.9756653797817636;2.1762810790534277
2021-03-19;1.3089180517416819;1.9670589518362742;2.168457078487639
2021-03-22;1.3250712714362907;2.0166716159459597;2.2273322181529402
2021-03-23;1.32205880756424;2.0114999283756916;2.221327288223734
2021-03-24;1.3146154676286828;1.9828176889774354;2.184481537204339
2021-03-25;1.3236548593523865;1.9862432280780369;2.1818717980982525
2021-03-26;1.3355739138691178;2.0082533423057867;2.201600509372943
2021-03-29;1.334641209228518;2.0063309017852142;2.200311886228282
2021-03-30;1.3263669096980713;1.9816810956870743;2.1718578519066356
2021-03-31;1.3295216783813228;2.0098781257898204;2.2113724123739043
2021-04-01;1.3322073920374928;2.0326155115693454;2.241015372428178
2021-04-05;1.3497297593416966;2.0817659339530845;2.2967147905984087
2021-04-06;1.3456328978367271;2.0787092261599205;2.297196775045411
2021-04-07;1.353173906864173;2.1014986639395317;2.3243099242844822
2021-04-08;1.3615535366638265;2.133654631967155;2.3648468612955984
2021-04-09;1.3716539878885263;2.1667755376750897;2.405410432008073
2021-04-12;1.3627677224696755;2.147027287952404;2.383608936519689
2021-04-13;1.36234679387499;2.176799959023147;2.4311135662225074
2021-04-14;1.3595677521094596;2.1502549366667605;2.3926730919912704
2021-04-15;1.3670443744340277;2.182980055582952;2.4349244921037982
2021-04-16;1.369131917179399;2.1845672722077323;2.4342432284734263
2021-04-19;1.3697687062215878;2.1859714793098712;2.4370398496601426
2021-04-20;1.3800545279788397;2.1792496821895324;2.414002181362083
2021-04-21;1.3974194697229332;2.1997900866374094;2.42557118455085
2021-04-22;1.385891304625028;2.1720528545137454;2.3961819735713688
2021-04-23;1.396775415754405;2.206863727895517;2.4375163149795194
2021-04-26;1.3954931379133177;2.2098911298154826;2.443690434068282
2021-04-27;1.3957688084425348;2.208448040498096;2.4407537801374044
2021-04-28;1.3961641345031397;2.186547218993377;2.4093266656704717
2021-04-29;1.3994825570798692;2.183666198118182;2.4021079559169163
2021-04-30;1.3862595575446464;2.1579479746099066;2.375975294943559
2021-05-03;1.3980886997434907;2.1740175196525637;2.388561220104445
2021-05-04;1.3861446541489477;2.1203632084464967;2.3181705081585133
2021-05-05;1.3854456433843976;2.1189459400833943;2.317509006181337
2021-05-06;1.3999255025937503;2.1489881923376464;2.3474814446317938
2021-05-07;1.398423935024878;2.159300214142433;2.3640207490417158
2021-05-10;1.3896459988655707;2.1153666793025216;2.306575582337116
2021-05-11;1.3809950531673656;2.099892641529706;2.292014639717162
2021-05-12;1.362274853253647;2.0465085907222655;2.2317351489872554
2021-05-13;1.3778992255016687;2.083301407711254;2.2710007922531577
2021-05-14;1.3875647420764563;2.1206303181584167;2.3169225763676087
2021-05-17;1.3849478824789978;2.1030914015499675;2.2935392911222117
2021-05-18;1.3768395672281228;2.081736696965227;2.269638453574405
2021-05-19;1.3742436746791977;2.0799953299134737;2.269348542552114
2021-05-20;1.3848930526601724;2.1152643498369175;2.3120106076021623
2021-05-21;1.3812411309384902;2.0951472474417967;2.284593137769455
2021-05-24;1.386700909313976;2.124283761248196;2.3217364255110153
2021-05-25;1.3833729242931294;2.1224078964232698;2.3218848637729446
2021-05-26;1.3820260482668176;2.120574623619782;2.3205987264002874
2021-05-27;1.378166856045894;2.1008288093234913;2.294525058541348
2021-05-28;1.3757257347400713;2.0946338713177513;2.2870774185961027
2021-06-01;1.3759248256362255;2.087286490274008;2.2764581456191073
2021-06-02;1.3828954603134211;2.0980742014488243;2.286066294587017
2021-06-03;1.3773690835867645;2.0787995563767403;2.262307867781971
2021-06-04;1.390538108432298;2.117456848144816;2.306492259371859
2021-06-07;1.3922690941398568;2.1252415251475214;2.3151651492414906
2021-06-08;1.3980187190827311;2.133283030453622;2.3223787549985744
2021-06-09;1.4038108693540934;2.142611957726675;2.330212036744753
2021-06-10;1.4000685498991294;2.1397699126249843;2.3275885225099686
2021-06-11;1.4062631487699666;2.155380642586578;2.345242648448563
2021-06-14;1.4131461505475222;2.1893973835421665;2.390744395303965
2021-06-15;1.4085236611311398;2.1762024603735655;2.375758411569886
2021-06-16;1.405857437613571;2.176242405067577;2.379456025811565
2021-06-17;1.4048097717179995;2.195991742126254;2.410226549299641
2021-06-18;1.3933782250169844;2.174233192044659;2.389208690540305
2021-06-21;1.4095840039626848;2.2070694847387746;2.4216053301761438
2021-06-22;1.4141176131582904;2.2296753412625887;2.451065035536781
2021-06-23;1.4081585146234807;2.2226807326151765;2.446851252440809
2021-06-24;1.409666880622635;2.2245233816884538;2.447192876672739
2021-06-25;1.412786722490576;2.2208710826221223;2.4386679539254708
2021-06-28;1.413630286570851;2.2424933197361647;2.4703254231223424
2021-06-29;1.4192663232222675;2.264420738333311;2.49757403007719
2021-06-30;1.4242762414191623;2.2719387316504944;2.5041486174744834
2021-07-01;1.4259720722392641;2.277092747693603;2.5100635761056003
2021-07-02;1.414486425678768;2.3026298241879006;2.5613208820455857
2021-07-06;1.4169742017437552;2.3204526437148347;2.587448420894985
2021-07-07;1.4277924141189564;2.353000401487762;2.6261205889515127
2021-07-08;1.4266702518558956;2.336589552365446;2.602149487435555
2021-07-09;1.4346298507735902;2.3580251370040175;2.627168708404364
2021-07-12;1.4309959085557438;2.349286953221897;2.6177197613056444
2021-07-13;1.4324330675400239;2.3669916926520873;2.6426473923589517
2021-07-14;1.4413806314311732;2.4038865974421872;2.6911675381111806
2021-07-15;1.4413865430251551;2.395599362683479;2.6784602365268624
2021-07-16;1.4305277455001462;2.370865545681348;2.6515377824478046
2021-07-19;1.4159493049296343;2.321732209621822;2.59126312715314
2021-07-20;1.4332965452097612;2.368059793168741;2.6445080890035233
2021-07-21;1.4351757355049695;2.368256558016537;2.6411721841869973
2021-07-22;1.4375235815282648;2.390928430026346;2.6724670057879822
2021-07-23;1.4446248306653748;2.417340182901789;2.704793245036654
2021-07-26;1.4502640251231993;2.423631212181969;2.7084319439418216
2021-07-27;1.4437202535740563;2.39626899379712;2.6732561976256815
2021-07-28;1.4354645839944904;2.3755648245201075;2.6497663641461147
2021-07-29;1.437911020708242;2.383098649975642;2.658915037647415
2021-07-30;1.435614483720193;2.3796801049131986;2.657155288579643
2021-08-02;1.4360160257168868;2.377182641262567;2.6526089821583487
2021-08-03;1.4495358952221005;2.406460291185475;2.6824202043468786
2021-08-04;1.4443718783890271;2.3980839178966997;2.6754997860540692
2021-08-05;1.444726587911883;2.405620020974378;2.685534958328077
2021-08-06;1.446670761358634;2.4015854917211326;2.6765139126616124
2021-08-09;1.4429078552946613;2.3959510501785273;2.6726649780351646
2021-08-10;1.4418543553103156;2.3873655880154723;2.661068320178819
2021-08-11;1.4449214245486806;2.392778696849786;2.665815940135506
2021-08-12;1.4567930468677988;2.431243267942143;2.7123298495413213
2021-08-13;1.4577454799413565;2.4400849245672194;2.72373258013479
2021-08-16;1.46492260941082;2.4648549494157335;2.754287540351953
2021-08-17;1.4586371028146796;2.449636309590267;2.738180339422885
2021-08-18;1.4384140847031786;2.400887404344835;2.684693255891345
2021-08-19;1.434930190285395;2.4135658538563343;2.70617255956307
2021-08-20;1.442702140423076;2.446817304551264;2.7464971303974437
2021-08-23;1.4487282780502042;2.4638980067346297;2.7668054056990785
2021-08-24;1.4491518325548975;2.459345588674387;2.759981187205404
2021-08-25;1.4455528726223785;2.4455412002861845;2.7421782632355938
2021-08-26;1.439807188529434;2.428706035195753;2.723527636811305
2021-08-27;1.4448713005554592;2.4421296000118664;2.7388393067958816
2021-08-30;1.4566879215782926;2.4942617698267178;2.8073952465962035
2021-08-31;1.4573143605593524;2.481282621073746;2.7861555155364464
2021-09-01;1.4560325588546281;2.485408959911339;2.7946523735505258
2021-09-02;1.4615240582253506;2.497013036688309;2.807177270661028
2021-09-03;1.462032311058858;2.5023601728834945;2.815370064943937
2021-09-07;1.4640496938219925;2.520146423910246;2.842798746032192
2021-09-08;1.4615614378248958;2.506292341963149;2.823040708478656
2021-09-09;1.455680923437435;2.487471785767653;2.801372061877589
2021-09-10;1.4389424517714544;2.4323524186593355;2.7327083147315188
2021-09-13;1.4441832410262507;2.4435457986659843;2.7437137452091402
2021-09-14;1.433987737059093;2.430530237275944;2.7335099862705827
2021-09-15;1.4397256576903399;2.452401804382837;2.759248432834238
2021-09-16;1.4366060634861193;2.4489324107590456;2.757286240709615
2021-09-17;1.4249076107879999;2.4077218393568707;2.7073909348019223
2021-09-20;1.412868149475374;2.3628113360118688;2.6518792943272413
2021-09-21;1.4100923267077563;2.3655223718743077;2.659559114812374
2021-09-22;1.4225108804646287;2.4015673674760665;2.701117812436171
2021-09-23;1.4320349628915332;2.418526811078549;2.716410689285251
2021-09-24;1.434686241095097;2.4208408669460333;2.7169774727857243
2021-09-27;1.43349506056813;2.397224562158804;2.682667007147284
2021-09-28;1.419876300134994;2.33783196085629;2.6085787123692477
2021-09-29;1.4279363954081234;2.3520448340985656;2.6216454540744962
2021-09-30;1.4231779383102854;2.3337611554914055;2.5988367962425345
2021-10-01;1.4401390265552623;2.3705623186024107;2.6338246857547185
2021-10-04;1.4318898219727465;2.324380780256968;2.5721670522559554
2021-10-05;1.4351102096166177;2.3540835955063253;2.61317397256026
2021-10-06;1.4354496632311116;2.370364981922884;2.636696936466929
2021-10-07;1.4376980348475445;2.385783880665794;2.658095945908501
2021-10-08;1.4408125754080747;2.385092743565316;2.653087320705103
2021-10-11;1.4381560914385296;2.3810955151000632;2.6502139544871754
2021-10-12;1.4282914265379203;2.360638246175888;2.6297706066546143
2021-10-13;1.4273592584446395;2.3622702648170857;2.631527551728547
2021-10-14;1.4440208064847058;2.4104572378978;2.6859732622269883
2021-10-15;1.4509611105660842;2.4272424325908952;2.7039284833397055
2021-10-18;1.449207087887308;2.445649487011654;2.7344524077700365
2021-10-19;1.4547247387418043;2.4691723008657323;2.76557417720821
2021-10-20;1.4559456858421296;2.4723515245733507;2.7697456550738178
2021-10-21;1.414819535158761;2.4489826873127725;2.781859124203513
2021-10-22;1.411087988584387;2.4367227246384124;2.767273716392239
2021-10-25;1.4101511547577203;2.4335276270994974;2.7637927279286116
2021-10-26;1.4103961821844329;2.442946144459187;2.77801068575913
2021-10-27;1.402541026406655;2.4593276047942245;2.807955062106412
2021-10-28;1.4153087736096652;2.500782994870094;2.859692657224694
2021-10-29;1.4051032294981247;2.4854544583263998;2.843470683085072
2021-11-01;1.4067155759279029;2.4759021276428204;2.826495865939891
2021-11-02;1.409384444516214;2.493546931835855;2.850348658232669
2021-11-03;1.4167108281276661;2.5126354099376296;2.8719750458677855
2021-11-04;1.412813816118589;2.510015373758962;2.8714745114306077
2021-11-05;1.4240098015007892;2.5226183456838647;2.877587674235037
2021-11-08;1.4248518379219473;2.5184886815992447;2.8689761373880858
2021-11-09;1.4188669803229677;2.5145825111453997;2.8711368053591597
2021-11-10;1.4084909794002927;2.473667005646794;2.81950331514786
2021-11-11;1.4085238889148617;2.476406932545041;2.823118267468205
2021-11-12;1.409979496202761;2.5024317343986793;2.862349219697478
2021-11-15;1.4096876787891424;2.5010419462379163;2.860781200782265
2021-11-16;1.4110483885078635;2.5165184997022507;2.8829949139536457
2021-11-17;1.416599480664096;2.541010747529591;2.91650870606835
2021-11-18;1.423687160163054;2.585056351474099;2.9798158582101495
2021-11-19;1.4287044284834454;2.6134283494902184;3.0197798735397123
2021-11-22;1.431510361100286;2.613008634893539;3.0170175802196066
2021-11-23;1.43373043955548;2.6136270087680735;3.0162033946991205
2021-11-24;1.4349217925511966;2.619113002122699;3.0236920581845084
2021-11-26;1.417892211660084;2.5495871991866785;2.9347192250299208
2021-11-29;1.4370768486199068;2.6053146407468226;2.9981964429385646
2021-11-30;1.4455972575206189;2.639181334775598;3.0471889352865396
2021-12-01;1.4435401266554793;2.6324431360376113;3.0389785402225313
2021-12-02;1.4408114834060033;2.6213736276610233;3.024410707654515
2021-12-03;1.4429169005206133;2.595521799989342;2.981560087981199
2021-12-06;1.456122369734158;2.6391669673951412;3.034976813586992
2021-12-07;1.4776905353671235;2.719079621275816;3.1344474394245747
2021-12-08;1.4930409717387225;2.7612585832251053;3.184030654938077
2021-12-09;1.4937131747344365;2.7540386968768398;3.172014369306911
2021-12-10;1.5081520478433426;2.822419149628754;3.261191641127321
2021-12-13;1.4932924354189285;2.7756416234861687;3.2053159405641467
2021-12-14;1.494010627101531;2.7427167954899137;3.1553730209792015
2021-12-15;1.5044345103741616;2.8017041051796907;3.236309280587423
2021-12-16;1.4970518922842522;2.7228395719978993;3.1193256867178776
2021-12-17;1.4993744270388805;2.71409139447171;3.1020353064397295
2021-12-20;1.4945206078278617;2.691386682198177;3.073126150184203
2021-12-21;1.5098181444681367;2.743990963737051;3.13554795779236
2021-12-22;1.5194961041432007;2.784449459369017;3.1862229381617513
2021-12-23;1.524248825312648;2.796382599289756;3.1986446750826167
2021-12-27;1.5382201525735475;2.854869930820797;3.27234042804147
2021-12-28;1.5390998920272296;2.8453188685123094;3.2557467708603003
2021-12-29;1.5418382352012254;2.84979486194371;3.25893313228204
2021-12-30;1.5407379460794937;2.8344554956707126;3.236379144979539
2021-12-31;1.5382408971662431;2.8212502570276463;3.2196537792511015
2022-01-03;1.5579968010008969;2.8676675298497694;3.2707633857178524
2022-01-04;1.5588675338310378;2.838739470161443;3.2247681518104514
2022-01-05;1.5471054932399495;2.765628254172192;3.1272931935075774
2022-01-06;1.529686774803311;2.7240856589978235;3.083547733387391
2022-01-07;1.5284110549559438;2.7246672384817834;3.0861413159724247
2022-01-10;1.5291444692637317;2.72592302253988;3.0870849728614087
2022-01-11;1.5295056563002492;2.7493174219795136;3.1251014468023013
2022-01-12;1.5331714610659022;2.7629775443360476;3.1407059708764913
2022-01-13;1.5284477847294196;2.7045347764751426;3.058433244603097
2022-01-14;1.5289197558774983;2.7236349060436225;3.0859266406943524
2022-01-18;1.5159131416520837;2.6719197544337567;3.0224507092061383
2022-01-19;1.501699221185181;2.635551815581949;2.980546677011504
2022-01-20;1.4944356237414231;2.6130547586850104;2.953965377093945
2022-01-21;1.4836747926555756;2.576448191265127;2.911073956134093
2022-01-24;1.4796859436762757;2.5681357530617235;2.902299539544249
2022-01-25;1.4997186278245698;2.55287876617412;2.855680547005215
2022-01-26;1.4933825811065429;2.5658090293644102;2.879603084705108
2022-01-27;1.4862577434820419;2.56355406037676;2.8830823677072983
2022-01-28;1.5240319383953886;2.695891607512702;3.0472684904101266
2022-01-31;1.5328155095091363;2.7422083631546577;3.1106579298609924
2022-02-01;1.5391159801544447;2.7411201951434387;3.1017306399891207
2022-02-02;1.5482284027645128;2.7682678797844367;3.1313848901300125
2022-02-03;1.5422561835053212;2.7141150487095866;3.0576077613738395
2022-02-04;1.5393645563412541;2.7204153676204688;3.0687041558148422
2022-02-07;1.5377120322263789;2.7023478812811357;3.0443072944675307
2022-02-08;1.5454914890303986;2.7403496293008547;3.0944639013996653
2022-02-09;1.5519423961604581;2.771530312909155;3.133021648093413
2022-02-10;1.5320686083309565;2.704468889890399;3.0544835729308852
2022-02-11;1.5199186534012965;2.652190482876037;2.9889149855677983
2022-02-14;1.5118391251526733;2.6474247899262098;2.9917351532640675
2022-02-15;1.52160818123702;2.6966089981775125;3.0567575942679808
2022-02-16;1.518304242218675;2.69136684510119;3.0527226529842264
2022-02-17;1.4937717639609362;2.624444468262097;2.9802671441288346
2022-02-18;1.4873558889437937;2.6012897236515;2.952132157678961
2022-02-22;1.4778649395132284;2.5714070738015327;2.9150651421070712
2022-02-23;1.459778907927645;2.508740165067993;2.839643342055701
2022-02-24;1.4667249740428705;2.5665675363146176;2.9170773961432053
2022-02-25;1.4804027752357618;2.599218057559445;2.9515486980047285
2022-02-28;1.4751575448856316;2.600306135429808;2.959416289415422
2022-03-01;1.465821336901612;2.570029430942346;2.923889975262306
2022-03-02;1.4839706415154588;2.6211265291719417;2.981548413003904
2022-03-03;1.490528819409062;2.6144787043428606;2.964409392377622
2022-03-04;1.4847475074834562;2.5735430897189904;2.9079515093153985
2022-03-07;1.4722483235923822;2.510125409966098;2.826402306855875
2022-03-08;1.4657249669086647;2.484224860135946;2.7940139388397442
2022-03-09;1.4830032636483454;2.567575716640056;2.9011343182596323
2022-03-10;1.4643166861567174;2.5133239400036516;2.8375274166377156
2022-03-11;1.452435968597468;2.463333839579035;2.773684899184418
2022-03-14;1.4407916116360435;2.4153685103206657;2.7116171338325854
2022-03-15;1.4595479728613512;2.487340104957282;2.799654235375227
2022-03-16;1.477131888089485;2.5509990050816747;2.8776120948795247
2022-03-17;1.4832010620401133;2.565375632564262;2.892966126181406
2022-03-18;1.495291031178061;2.6117371469946784;2.9505721751606
2022-03-21;1.4968215263256022;2.620639132680456;2.9641742089138616
2022-03-22;1.5095271726695638;2.6674101698726793;3.021798212622227
2022-03-23;1.510589074173502;2.668384667093364;3.025048477669413
2022-03-24;1.5242217126951088;2.7183489884065857;3.0868693351132284
2022-03-25;1.533358680551123;2.7296240861765906;3.0935376071122054
2022-03-28;1.5360958268515796;2.7544071652083626;3.126328016763898
2022-03-29;1.5465609511408078;2.798437829369213;3.1823246008308628
2022-03-30;1.544143916656639;2.7841745642389966;3.1628627936296527
2022-03-31;1.5285118224992054;2.73543990744874;3.106730695699638
2022-04-01;1.5281824579410956;2.735468919782449;3.1064769135396224
2022-04-04;1.5394675197352894;2.787717894532181;3.1745775586995886
2022-04-05;1.5258269180283908;2.7423402104180186;3.120263240882676
2022-04-06;1.5191568236559585;2.687456017891;3.045261615239165
2022-04-07;1.5170203306217143;2.6922856386687917;3.0549155482267767
2022-04-08;1.508697463023611;2.6604201654215953;3.0160052826139943
2022-04-11;1.4923295908967424;2.588529565494311;2.9261354012568015
2022-04-12;1.496106917236617;2.5981624298235415;2.9393793290807464
2022-04-13;1.5040120354365443;2.6374796768371245;2.9904639001844826
2022-04-14;1.4919835657003397;2.5723998539016835;2.90345709928843
2022-04-18;1.4900085361797988;2.570847514775602;2.9029845471487876
2022-04-19;1.506875798169504;2.6124055980270438;2.9465731163993834
2022-04-20;1.5385143937482564;2.638726225939674;2.947870008465933
2022-04-21;1.541384190144823;2.6219274265567605;2.9204055084141958
2022-04-22;1.5232288401033596;2.5573344474756854;2.8424602593732295
2022-04-25;1.5291170687585016;2.585879462941789;2.8770699892335374
2022-04-26;1.50239652985165;2.4951271624362303;2.7696074141172
2022-04-27;1.49799567904269;2.5206588576841193;2.8077926865889045
2022-04-28;1.5205511441673067;2.606128386218568;2.9151216469663415
2022-04-29;1.4919904764484888;2.511063886365395;2.8037436957767494
2022-05-02;1.4956805892462088;2.532258505255695;2.829165108635073
2022-05-03;1.4982445254620556;2.5396076563657637;2.8397808927961927
2022-05-04;1.5332283435710279;2.6345859110303067;2.9458308412295366
2022-05-05;1.5026461192182343;2.5122164573948873;2.7927236579108357
2022-05-06;1.5105780673801703;2.517814781144261;2.7937325673807765
2022-05-09;1.4903366522257604;2.4393432576924146;2.6977819495094213
2022-05-10;1.4798811451737273;2.4615716681839444;2.7433102549039816
2022-05-11;1.4624352075778777;2.3674050940897784;2.6168203692755627
2022-05-12;1.4578502085133656;2.3220035499651432;2.5520281167385335
2022-05-13;1.4741126023261617;2.382103898049621;2.626161239411795
2022-05-16;1.4741264472373834;2.371034251297081;2.6079337621068155
2022-05-17;1.4963081327463232;2.4280190556157386;2.6701590117652043
2022-05-18;1.4533662735163575;2.303561482177937;2.528544409088526
2022-05-19;1.4318648076866163;2.259085240657594;2.4825305484120945
2022-05-20;1.428706100654995;2.257343407065316;2.4837835308142755
2022-05-23;1.454875555518944;2.3373096075104978;2.5772503536216407
2022-05-24;1.455239708840161;2.3140870628110157;2.539830556595012
2022-05-25;1.4576624613610831;2.323679947470313;2.5505642752366815
2022-05-26;1.4759424753260504;2.3700069097669316;2.601633780112025
2022-05-27;1.5016871631748667;2.451052703817889;2.6971393269012274
2022-05-31;1.4978877330926175;2.438916408814808;2.6829957137726375
2022-06-01;1.4994048273559861;2.4403017970316587;2.68304345308582
2022-06-02;1.5092897098527622;2.471899965766193;2.7208159421513116
2022-06-03;1.49515986828299;2.405998450236545;2.6342878027723273
2022-06-06;1.5029058631156733;2.4147357154405347;2.6400094133545537
2022-06-07;1.5105192784695194;2.4489046190831036;2.683485665621671
2022-06-08;1.5020449263611502;2.4320190563128374;2.6677832995845883
2022-06-09;1.4766596862593757;2.359179505981842;2.58431574918935
2022-06-10;1.4538636690446658;2.2728323407856768;2.479767671703657
2022-06-13;1.4337066037436892;2.1928952067173717;2.3816805516404953
2022-06-14;1.4385185127360889;2.208293777814883;2.3994285677401113
2022-06-15;1.4514585972029228;2.2550199109499958;2.4547898049765933
2022-06-16;1.4297768432343494;2.1820280825167413;2.3670322316296857
2022-06-17;1.432668753403962;2.2019748796811784;2.3938996329018756
2022-06-21;1.455757890316248;2.2659610870886087;2.4663079308222065
2022-06-22;1.4516469889737644;2.257563890490507;2.4579488861988734
2022-06-23;1.465362837099379;2.303268882248065;2.511779789463125
2022-06-24;1.4876359540190034;2.3659097043004174;2.580806236600538
2022-06-27;1.489960712443557;2.361270885726173;2.5724707686256574
2022-06-28;1.4737027363518034;2.297271437354597;2.494286882317356
2022-06-29;1.4758767194927707;2.321531867525713;2.528087683307678
2022-06-30;1.4694050949025237;2.2893805078089584;2.4862836085868207
2022-07-01;1.476312167774963;2.3179674081549497;2.522298325588382
2022-07-05;1.4737118546944898;2.3441920608645663;2.56513134761831
2022-07-06;1.4794371240518316;2.36659520262616;2.592281670059458
2022-07-07;1.4989281597233552;2.4125507796961094;2.641914155815561
2022-07-08;1.4998987688226935;2.416922725349059;2.6482962499572347
2022-07-11;1.494955923802438;2.3892429970514892;2.6116487907220898
2022-07-12;1.49223177545643;2.3699759450761717;2.5910725475537064
2022-07-13;1.4846632237603552;2.3593848704466884;2.5835364721831597
2022-07-14;1.4998901357299883;2.396434102707203;2.6244494284539828
2022-07-15;1.50782508196056;2.4214942294569264;2.6536439723221714
2022-07-18;1.4927002564393552;2.3809189847412497;2.607863521223978
2022-07-19;1.4811625110049191;2.4150428772405856;2.672772355343008
2022-07-20;1.481393988364749;2.437068687027968;2.7064533145405147
2022-07-21;1.4811182651639785;2.4602592182594583;2.7428953098579467
2022-07-22;1.481358420331195;2.4404430260041514;2.7132171921953523
2022-07-25;1.4790754699124167;2.42657019607032;2.6944145180545216
2022-07-26;1.473571061078966;2.3957986359819343;2.655752768853933
2022-07-27;1.4922948828149447;2.4891499521817186;2.7733252233704837
2022-07-28;1.4942405949545112;2.512927211532903;2.804537354953845
2022-07-29;1.5143872727923984;2.577242515603518;2.881726586391181
2022-08-01;1.5159336915331576;2.564595215759091;2.8608277714982666
2022-08-02;1.5109178093866225;2.542003221782452;2.832333093900846
2022-08-03;1.5300771003139297;2.620540938169464;2.931589831013401
2022-08-04;1.526764969139101;2.618360675649572;2.931448645138078
2022-08-05;1.5290523268956753;2.616705009850085;2.9262803739155423
2022-08-08;1.5281708345080507;2.6063338749811917;2.912156384976835
2022-08-09;1.5231587310270283;2.6074874736807696;2.9190969156045536
2022-08-10;1.5422928763585464;2.6707671196424085;2.9938599782844246
2022-08-11;1.5439017201538858;2.6614337121000426;2.9778572955512796
2022-08-12;1.558962448375452;2.71170420193525;3.0376386961336896
2022-08-15;1.5651353252850009;2.728392822935428;3.0559528990193963
2022-08-16;1.5703737535930624;2.729583534538776;3.0515632864520468
2022-08-17;1.5787556079732394;2.7457027560059917;3.06765184977377
2022-08-18;1.5820699961189364;2.7426161842011147;3.0590589654034512
2022-08-19;1.5725133314305317;2.7058600181502763;3.0140359465304423
2022-08-22;1.5520347146191713;2.6401665157710896;2.9387579893843983
2022-08-23;1.5483076627027441;2.63157081685315;2.9303651425561648
2022-08-24;1.54393547468382;2.6288152752894405;2.931884454053947
2022-08-25;1.553454792504727;2.6621264593261467;2.9721834084903302
2022-08-26;1.52336332695792;2.5651208891867774;2.85932245252417
2022-08-29;1.5168613913560238;2.5366107770898285;2.822836495470684
2022-08-30;1.5073472501741914;2.50555190997134;2.78552445181103
2022-08-31;1.498594642942962;2.482713077961123;2.760126715618995
2022-09-01;1.5049457416304004;2.4904363127203633;2.76564527731852
2022-09-02;1.4922891286310442;2.454321798529932;2.7254017275153517
2022-09-06;1.4848627909010146;2.432380026451433;2.700698651406523
2022-09-07;1.4924651547066539;2.4605196830496046;2.7338821354197207
2022-09-08;1.4908233528755561;2.449189839867663;2.7170800502354044
2022-09-09;1.5017559706540902;2.4934657148418533;2.771728105369556
2022-09-12;1.5242312044868092;2.5609873328507415;2.8526830076415264
2022-09-13;1.4854649015333523;2.4245784099801146;2.68853748620604
2022-09-14;1.4912640714792798;2.4403755709583312;2.707077925792449
2022-09-15;1.4750872373548827;2.389654982223883;2.6490120067391336
2022-09-16;1.4765140454596168;2.376798598154991;2.6267859273376883
2022-09-19;1.4892256395853927;2.413670946940549;2.671673832152095
2022-09-20;1.491222676792885;2.427736894880518;2.6936898351830902
2022-09-21;1.4773029143435334;2.3852802434295723;2.6439284652166473
2022-09-22;1.4758255267799556;2.3821981517433723;2.6391704018088147
2022-09-23;1.4599431573604615;2.345804157990725;2.601225982292615
2022-09-26;1.4584346043309815;2.346008995646345;2.603715129736658
2022-09-27;1.4603393314442648;2.352040826161877;2.6120424435199157
2022-09-28;1.4584673033956999;2.348475921310248;2.605006420297177
2022-09-29;1.4329482035697931;2.2665259813175274;2.504551872246974
2022-09-30;1.4100678725658597;2.206738431202781;2.4375401944669144
2022-10-03;1.4326901099470062;2.273806782516867;2.5146832523114107
2022-10-04;1.4578165556748843;2.3390664982830858;2.5854535725164642
2022-10-05;1.4595509515293175;2.343366544922113;2.5901518455499
2022-10-06;1.4444268972633192;2.319173734428539;2.570563336930469
2022-10-07;1.4164265716767748;2.228468779152173;2.4649962180938902
2022-10-10;1.413600975119504;2.216804264618997;2.4528587489029614
2022-10-11;1.4094321297194927;2.193650197104024;2.422802618666542
2022-10-12;1.4066594493374303;2.1877654993543993;2.4162030232284746
2022-10-13;1.435990977776327;2.2642153004073524;2.5003886356953995
2022-10-14;1.4159119413046843;2.2013830713658478;2.425924237343289
2022-10-17;1.4335196257618124;2.2660995336948804;2.50412991386513
2022-10-18;1.4425915561758007;2.2850538240403275;2.523588899310517
2022-10-19;1.441409024753641;2.2800864499030835;2.518349258997615
2022-10-20;1.4604331948940543;2.289538080909593;2.51157190571433
2022-10-21;1.4777524026206932;2.345868511446776;2.5781582741053386
2022-10-24;1.4938366158974115;2.3865612065629067;2.621387255860039
2022-10-25;1.503313350261002;2.423595863742136;2.667605332824013
2022-10-26;1.5015184768269447;2.3522213311404276;2.5680278164421546
2022-10-27;1.4869944405769524;2.296243087977416;2.498253932484546
2022-10-28;1.533077945959152;2.4339839296074177;2.6598437649715185
2022-10-31;1.5252598775230297;2.40081645525086;2.618489852049864
2022-11-01;1.5169349228683877;2.3645616737886543;2.572943826415376
2022-11-02;1.495446850571473;2.286408909291074;2.478493321290263
2022-11-03;1.4686846182034385;2.2065722565898764;2.3854620281544845
2022-11-04;1.4759867787231233;2.2283171322058823;2.4067119252380547
2022-11-07;1.4821762846751048;2.2533095776530296;2.4348888089053173
2022-11-08;1.489496884899535;2.2653491888530057;2.4452145077134766
2022-11-09;1.4714751130700048;2.206426740757114;2.3746963758060287
2022-11-10;1.5230904284312288;2.380489742972879;2.58108366999267
2022-11-11;1.5381713993844746;2.423172898162562;2.6290139578351304
2022-11-14;1.5371140326751882;2.3976964955321174;2.593548327753672
2022-11-15;1.5430351388752157;2.416377496849093;2.616247862245215
2022-11-16;1.5397558546101444;2.405674565892303;2.602621965134645
2022-11-17;1.5507658096207786;2.428102351211706;2.6258282132827637
2022-11-18;1.5574612775127963;2.4360419166672633;2.631165360848339
2022-11-21;1.544293322571629;2.403901835706895;2.594458867155066
2022-11-22;1.5587292244437665;2.438312295057956;2.630620947237343
2022-11-23;1.560402740371265;2.4527782047273328;2.6498373403703104
2022-11-25;1.5500347125156404;2.4224787642702603;2.6135964998842756
2022-11-28;1.5309578186951653;2.364600674278582;2.5474547822525393
2022-11-29;1.5222186953855614;2.3313272493687003;2.505520925373745
2022-11-30;1.5519227513876215;2.4420734746804738;2.6373189290535217
2022-12-01;1.553616355448811;2.4443685996412374;2.6393412710730706
2022-12-02;1.5505139172651319;2.4390646909106533;2.6342333173024426
2022-12-05;1.5428582386729621;2.4126409106467293;2.6043548483093657
2022-12-06;1.5313981483422898;2.3631512879598606;2.542342186860116
2022-12-07;1.52434871456882;2.341001444179968;2.5156861202232954
2022-12-08;1.5314807685425542;2.3667776458094565;2.546414708530655
2022-12-09;1.527633035186683;2.355402965025037;2.5340885411283742
2022-12-12;1.5418761651958783;2.400962550549722;2.585368133140743
2022-12-13;1.549229594763219;2.424553183261871;2.611400981701704
2022-12-14;1.539817437473117;2.4008097046274757;2.584252067805053
2022-12-15;1.4950544917596114;2.2964099781881853;2.4750453049232863
2022-12-16;1.4815844094239297;2.2610339645154918;2.436852767612468
2022-12-19;1.4704221384426341;2.2263253853176432;2.3970198652145873
2022-12-20;1.477844332158019;2.2340989813182914;2.40028322427577
2022-12-21;1.491099144512655;2.2744925206266924;2.4478813474217915
2022-12-22;1.476499594647873;2.224057809343165;2.388366081026302
2022-12-23;1.477681158925867;2.223228758435405;2.3854054253587367
2022-12-27;1.4739385964629155;2.2019309883721236;2.357044397636201
2022-12-28;1.452918702595952;2.1500121920601667;2.2995349403236873
2022-12-29;1.4685020628508112;2.2043625448755226;2.364176279670807
2022-12-30;1.469058823838441;2.2045316743666454;2.3646255258748248
2023-01-03;1.4546384319072587;2.1552640368561673;2.3026640045353686
2023-01-04;1.46237656909161;2.146938980234726;2.2881138510063406
2023-01-05;1.4531401564610111;2.113801389858509;2.2504493063084667
2023-01-06;1.477181744875349;2.172751924812477;2.3159353722727753
2023-01-09;1.4785311653945188;2.1832331502668345;2.3294293169162033
2023-01-10;1.4843702533252885;2.195995441055638;2.342075617196908
2023-01-11;1.4951864192148463;2.242060199290729;2.398098522339249
2023-01-12;1.495813107636606;2.248499581380069;2.405678786265649
2023-01-13;1.5014022799483038;2.2647809241857626;2.4247664777977365
2023-01-17;1.5031851224554622;2.2780463462594036;2.4429584777843982
2023-01-18;1.4859169554754708;2.2493480675706286;2.4196777175730815
2023-01-19;1.4867814801464296;2.2409824641032348;2.4081708635693673
2023-01-20;1.497194336546095;2.288850884213752;2.46670081395623
2023-01-23;1.5098492009460545;2.328746370744573;2.5142893360313114
2023-01-24;1.51322591802878;2.3408357090649026;2.530083591677429
2023-01-25;1.5087497322204062;2.3289642378518325;2.5172503576233716
2023-01-26;1.495159782646171;2.3538240336186833;2.56683716058758
2023-01-27;1.5010977024667531;2.3736459235866985;2.5916643709786884
2023-01-30;1.4951052682783563;2.333595366202861;2.5381266401132687
2023-01-31;1.4972618613627593;2.357541066994821;2.570388130602162
2023-02-01;1.5020109212029567;2.381707141009696;2.600213591342555
2023-02-02;1.523047658896296;2.466972054972164;2.704442079196613
2023-02-03;1.5360388749676657;2.490072537511976;2.7304707292827697
2023-02-06;1.5252196261194104;2.457157364301822;2.691441346825612
2023-02-07;1.5328829466781837;2.511378431181897;2.7621000818147143
2023-02-08;1.525239008175578;2.482800484609653;2.725707647508642
2023-02-09;1.520124790790272;2.463537295550901;2.7028866152085356
2023-02-10;1.5275510039261126;2.4706479904985246;2.7058352228252414
2023-02-13;1.5420836535066365;2.522943582992779;2.7670769758037435
2023-02-14;1.5356156957681342;2.5151008104561563;2.761650797223327
2023-02-15;1.543341760920125;2.532234506689184;2.7814579337119394
2023-02-16;1.5337606931191494;2.4954300653781254;2.7385902975574017
2023-02-17;1.5303564204640092;2.474109658061051;2.7111354815005044
2023-02-21;1.5068525957294405;2.4124896139346346;2.6436356206385803
2023-02-22;1.505621923083341;2.4120527632687834;2.64520151567684
2023-02-23;1.5064874528792906;2.4243915788316497;2.661777172226201
2023-02-24;1.4975897882340221;2.383835918849158;2.6107558975672505
2023-02-27;1.5010199570142304;2.397878047150757;2.6286928229654336
2023-02-28;1.4953608345153735;2.3880432774618208;2.620025676167728
2023-03-01;1.4851188087706202;2.356862966035553;2.5840041472920072
2023-03-02;1.4895304066788946;2.376452790940652;2.607016658963797
2023-03-03;1.5076715411993429;2.439020649625294;2.6837021506191436
2023-03-06;1.5179758191923;2.471774085635938;2.723257944087587
2023-03-07;1.50458826511501;2.4382665972157476;2.6870543758983736
2023-03-08;1.5076656842844636;2.4490601096242792;2.7011745049184706
2023-03-09;1.4942439199462485;2.418500349045575;2.6687625547596796
2023-03-10;1.4854996712312416;2.3871161778878953;2.630981097929563
2023-03-13;1.4918734731910948;2.419750945199623;2.672501551050471
2023-03-14;1.4948647761959895;2.454702126357948;2.7208174490660557
2023-03-15;1.4911114530903475;2.4660670985536832;2.740682427549915
2023-03-16;1.5046265265001113;2.523469333481575;2.8103362730526364
2023-03-17;1.4985086845915911;2.519820625386735;2.80983733849627
2023-03-20;1.5136471477811602;2.5332777942639906;2.8176806494883007
2023-03-21;1.5213424421979465;2.557085727929607;2.845916341796737
2023-03-22;1.508100648587989;2.5324009665515437;2.8232145778712527
2023-03-23;1.5087738029838107;2.5539544143687913;2.853968548967571
2023-03-24;1.5195774460275664;2.5791262990664467;2.879582184480628
2023-03-27;1.5286002120500446;2.5613943701966395;2.8418430085731003
2023-03-28;1.5268813221397615;2.5525622244415658;2.8303736921472513
2023-03-29;1.537257100407769;2.5967529374817335;2.8858603164261964
2023-03-30;1.5400759289290022;2.6193702363799587;2.9168252928955374
2023-03-31;1.5539900643516777;2.6594712428707132;2.9618446614019804
2023-04-03;1.5610301679570369;2.6721062802642925;2.9742545830465144
2023-04-04;1.5578770668916864;2.665431984525676;2.9674038537436216
2023-04-05;1.5545181834201303;2.641922139511271;2.935180336168232
2023-04-06;1.5512932274515934;2.663441905301714;2.9694076726570104
2023-04-10;1.5457499895519926;2.6339227299645596;2.9296481582356475
2023-04-11;1.5400709307207432;2.604866762353861;2.893817622203855
2023-04-12;1.5313996225506155;2.5943697227003626;2.8871741124755905
2023-04-13;1.5447800844847088;2.6611901671581437;2.9752397374005435
2023-04-14;1.5446699858988444;2.6497964368978844;2.9591988490494714
2023-04-17;1.5435688475568092;2.65536214481569;2.967911212441618
2023-04-18;1.5468991361011284;2.6663532024776884;2.9819714715489245
2023-04-19;1.544830468315126;2.673653790351118;2.996611503611587
2023-04-20;1.5422678018221725;2.6587402490148278;2.9770032504189876
2023-04-21;1.53543552473031;2.6402847557859;2.9557240832849434
2023-04-24;1.535091842788318;2.6329513236960915;2.9468696383240816
2023-04-25;1.5325459644592396;2.6041373953615907;2.9071853891621937
2023-04-26;1.5323718064176948;2.652009390251738;2.971856791735643
2023-04-27;1.54951660862987;2.722672810439526;3.05956483958321
2023-04-28;1.5509718972209137;2.7390372919792756;3.083042693814561
2023-05-01;1.5495472416796345;2.7333396170198716;3.0766620320130666
2023-05-02;1.543240389087031;2.71994384111296;3.063009644112433
2023-05-03;1.5339208439675227;2.701858054323315;3.046178668416779
2023-05-04;1.5260786127336612;2.685218829600746;3.028382271128282
2023-05-05;1.551596841636466;2.7768035019981445;3.1427550847513057
2023-05-08;1.5504679938040664;2.770795234880809;3.1356519471911795
2023-05-09;1.5436814528977516;2.7484693243684544;3.108848375523936
2023-05-10;1.5517425917221792;2.7805942894568516;3.1477596531751857
2023-05-11;1.5479926847095675;2.7739973577028096;3.14338546256437
2023-05-12;1.5529321346272984;2.7683853168623545;3.1280565965383413
2023-05-15;1.55355444446035;2.7662373921442427;3.1233085153774325
2023-05-16;1.5539322543933407;2.7717402624460923;3.130388981514538
2023-05-17;1.5641078896013885;2.7914072584605005;3.1472816216364006
2023-05-18;1.5721628385605386;2.8261785547199145;3.190998472149496
2023-05-19;1.5766092801113942;2.8302641567033264;3.191831831442464
2023-05-22;1.5749090013718798;2.8280041710638413;3.18848256528766
2023-05-23;1.5702685347115812;2.7907361829556088;3.1369461219061177
2023-05-24;1.561849505097023;2.7828523696204024;3.1361736472524417
2023-05-25;1.5690116118000097;2.824735138297937;3.1878148221911973
2023-05-26;1.5835602419557828;2.8708662519313872;3.2399199542274726
2023-05-30;1.590798886986882;2.887578113866486;3.258798432551236
2023-05-31;1.5873839239463248;2.878091975431026;3.2496249115064813
2023-06-01;1.5995692474250987;2.9192614683834153;3.2984292732164784
2023-06-02;1.6114715402003141;2.9420695051349077;3.3179395235667903
2023-06-05;1.6086145114828694;2.930408190143518;3.3021919958966794
2023-06-06;1.6078021275941858;2.921864692677222;3.290646304566116
2023-06-07;1.6102042755144268;2.8902070527735444;3.24172250369883
2023-06-08;1.6177826976948597;2.921747533351097;3.2822290904186584
2023-06-09;1.6220445965750776;2.9317419975735306;3.2918874690320012
2023-06-12;1.6336827906438112;2.9745132348850616;3.3432118276008875
2023-06-13;1.6366420837071574;2.978897532902475;3.34473062072345
2023-06-14;1.6369290083575339;2.9909587216193625;3.3622048930275623
2023-06-15;1.6467235981155954;3.039226923774465;3.4212696953047925
2023-06-16;1.6405447788664436;3.0127872735348387;3.3899408953732495
2023-06-20;1.63534287877868;2.999505093766907;3.378042215476923
2023-06-21;1.6243673784095638;2.97212868072157;3.3509642044148094
2023-06-22;1.6232347496989752;3.0082619126825394;3.4083115320690776
2023-06-23;1.6159416574485816;2.9890691226947816;3.389795317937759
2023-06-26;1.6194340206621776;2.966799715827985;3.352082690537725
2023-06-27;1.6304492147443856;3.0107963543435456;3.405768581449384
2023-06-28;1.6314006390829277;3.0235017807052493;3.424697616515762
2023-06-29;1.6408232238180713;3.0322117889456903;3.4264471168083146
2023-06-30;1.6512773914719145;3.086680785114801;3.498525018910632
2023-07-03;1.6469026778349782;3.065740065522917;3.471609302563304
2023-07-05;1.646108648208807;3.056963140934434;3.4580036379317645
2023-07-06;1.6396957964271062;3.0623131683090516;3.4738267945942836
2023-07-07;1.636500075187452;3.04182913915321;3.446973855800304
2023-07-10;1.6342183723729353;3.0119559255572215;3.4041153810211044
2023-07-11;1.6385217409565898;3.0130824991920107;3.399513151144535
2023-07-12;1.6370885185478734;3.0355442705746496;3.4355420368905385
2023-07-13;1.6430741846591816;3.058947283229298;3.4623092892383602
2023-07-14;1.6415482556350884;3.064651632119337;3.472217471333465
2023-07-17;1.6531716120367235;3.100646368328479;3.5153336998635045
2023-07-18;1.6566447555751767;3.1331272985897507;3.555121030270163
2023-07-19;1.6605999398687001;3.1371790083729723;3.559107076918692
2023-07-20;1.6662333528928728;3.108651501581098;3.508906508433562
2023-07-21;1.6651762152094893;3.0916535598805317;3.4842893327033977
2023-07-24;1.669441637150835;3.1044884337285907;3.4986479386979084
2023-07-25;1.6745376466914097;3.1288781651545445;3.527890942460506
2023-07-26;1.679469965223792;3.10976871891841;3.4981358896962047
2023-07-27;1.6829401770712475;3.0865326897462553;3.459732396938923
2023-07-28;1.6914551472615358;3.131496478073641;3.5167106406410915
2023-07-31;1.695643981373955;3.1339304975342093;3.5165839642781007
2023-08-01;1.6904569602485335;3.124199593755231;3.507464934643076
2023-08-02;1.6855862947296016;3.0764138038185407;3.4415474542707614
2023-08-03;1.6828660209251587;3.0615312563505275;3.4213868070447724
2023-08-04;1.657888648930516;2.974233980601723;3.3112533616390647
2023-08-07;1.6559967214235995;2.953921340642575;3.278943284348352
2023-08-08;1.6577179689672428;2.9534491627837216;3.278592614202766
2023-08-09;1.6472660784350983;2.9236639322331914;3.246448908402111
2023-08-10;1.6492917563435419;2.925229118488345;3.2458439977672793
2023-08-11;1.649009544930677;2.9210309200902116;3.2406636246098266
2023-08-14;1.6494739029187455;2.9413470671199984;3.2711492381284133
2023-08-15;1.6437920576859786;2.9161645389836997;3.2390133006272057
2023-08-16;1.6370710592137543;2.9021024967952425;3.2254777265502623
2023-08-17;1.6299925635678103;2.8683564406217883;3.182072404767415
2023-08-18;1.6339769654147855;2.874442581009259;3.187040255616756
2023-08-21;1.6407853337501606;2.9028895894056097;3.2208430479187076
2023-08-22;1.6419433090078859;2.915958863730417;3.2402552862631167
2023-08-23;1.6594392380180754;2.970758008565745;3.303529242368451
2023-08-24;1.6468967286210794;2.9076188049548515;3.221823222328466
2023-08-25;1.6593385435068113;2.9419403869888736;3.2593492692910973
2023-08-28;1.6660367882875944;2.9612923457389013;3.281545880084856
2023-08-29;1.6784096671843471;3.012731148836947;3.345787149075531
2023-08-30;1.6894730065121357;3.049886982065645;3.3913873637761545
2023-08-31;1.6899636899068278;3.049539488813516;3.390871028707706
2023-09-01;1.6980872078422347;3.070526148350492;3.413603777181851
2023-09-05;1.6993867858737524;3.0850769146319803;3.4322250422855856
2023-09-06;1.6808978404361372;3.016175954487826;3.345053126961943
2023-09-07;1.664309129738736;2.9541818276026484;3.2681342080038855
2023-09-08;1.6665940811089401;2.970843512894993;3.289324010595097
2023-09-11;1.672275081126938;2.993049507578335;3.3155169592717693
2023-09-12;1.6566834294918773;2.9423227926878948;3.257730901760187
2023-09-13;1.6516408286615958;2.9315089788400637;3.243955572156776
2023-09-14;1.6586973278216597;2.9552251425535703;3.2715205843277304
2023-09-15;1.652037530924686;2.9251596308035186;3.2369098100766838
2023-09-18;1.657364615201232;2.9501377828519812;3.2713128415169237
2023-09-19;1.6653382469825482;2.9642752673005415;3.2840567337558517
2023-09-20;1.6666365067580322;2.9193274612865086;3.214374825552463
2023-09-21;1.6540161047129411;2.894124598672568;3.1907696062644963
2023-09-22;1.6548871837410384;2.89573800076685;3.1939491658400216
2023-09-25;1.657098107802824;2.9087991661441412;3.211911456959303
2023-09-26;1.6344700109766936;2.8459884934502613;3.1430754943048007
2023-09-27;1.6298676172089133;2.831916497524447;3.125728820434044
2023-09-28;1.625183316287614;2.832187451396748;3.131643634637522
2023-09-29;1.6222607329675105;2.838774308372714;3.144731004491728
2023-10-02;1.6312153075083067;2.8796270012196032;3.1955699721917643
2023-10-03;1.6259880539178888;2.8456930240601706;3.152684184993593
2023-10-04;1.6319158703649688;2.8731075503386476;3.1858618134069725
2023-10-05;1.6370015136328873;2.8878659452900193;3.2029823514584796
2023-10-06;1.646015256821895;2.933396295354398;3.2600698163686284
2023-10-09;1.6507795379832828;2.954796165950742;3.2869906525933685
2023-10-10;1.6488060043177555;2.945253282265443;3.274977441017821