timestamp;portfolio_sharpe_daily_return;portfolio_risk_daily_return;portfolio_original_daily_return
2023-11-24;-0.07033115144600652;0.19166991472900882;-0.06944535469311323
2023-11-22;0.8181950042741925;0.6437529116295967;0.6174563821969741
2023-11-21;-0.4628983707875394;0.5759903893790812;-0.15186579049066118
2023-11-20;1.2017074653820818;0.4516905332511387;0.8366242890209501
2023-11-17;-0.5563911680101792;0.14443937018377612;-0.14786511492869284
2023-11-16;1.1895742947013057;0.3619354620589595;0.8796983580488078
2023-11-15;0.2902745787858154;0.322729516502792;0.3380520086358659
2023-11-14;1.1143377610980747;0.6985287160844971;1.0612980219426058
2023-11-13;-0.5325271780415617;0.06945280616677486;-0.39229577738228694
2023-11-10;1.8344343669312821;0.656420168206787;1.4834632740717493
2023-11-09;-0.5558194043261693;-0.6488117221336863;-0.48784093955122587
2023-11-08;0.5119536743259037;0.07818931751036795;0.3867488230455792
2023-11-07;0.7716632218082543;0.359927039359185;0.6495031570176311
2023-11-06;0.931437149242302;0.5501798183053415;0.8465677194293592
2023-11-03;0.6871107819892288;-0.03879704220782934;0.34396538659030285
2023-11-02;1.1796886830890256;1.2336348399024892;1.3105559866359786
2023-11-01;1.3234248634678032;0.17368980433949582;0.9196377061812651
2023-10-31;0.5221342725658498;0.6920335365829902;0.5654026972306128
2023-10-30;1.8035929642479098;1.634702943858906;1.5451959263663513
2023-10-27;-0.5984476626981321;-1.3660091427737606;-0.8367141333921495
2023-10-26;-2.1393452695410335;-0.7581028295421697;-1.5173262187334389
2023-10-25;1.2918814193506807;0.7972084340194082;0.5764278633502375
2023-10-24;0.7240431764429404;2.022620282501071;0.8940186877335403
2023-10-23;-0.06951758182510374;-0.8147031199966133;-0.3488241330323503
2023-10-20;-1.1521448778206003;-0.22082037129036147;-0.946400409729269
2023-10-19;0.14240026939635764;0.3248538415855392;0.08094555049664084
2023-10-18;-0.6295729935182591;-0.32332189144786755;-0.5784757881054883
2023-10-17;-0.04387013506844842;0.7477517244061982;0.026063848284158725
2023-10-16;0.8475183421934043;0.8316141950832593;0.5899176991800683
2023-10-13;-0.2587152524155256;0.31366825060419345;-0.051432697033707786
2023-10-12;-0.44916569239067494;-1.2275210187037244;-0.4706118878124712
2023-10-11;0.6604131691646659;-0.19684561620525096;0.4026367386809364
2023-10-10;0.25813586280293105;1.5595151690247766;0.5202136905155452
2023-10-09;0.3460288200412395;-0.29692917661651147;0.1854110237723167
2023-10-06;1.9566155082252934;1.5795033919730688;1.6610516129258721
2023-10-05;-0.5709425966471163;-3.1761378763014103;-0.927869462874097
2023-10-04;1.085189171630169;0.48419136249008343;0.7751091412633206
2023-10-03;-1.6859464718018553;-1.1718553934834146;-1.2634416866017892
2023-10-02;0.7529196672712121;-0.585493874290555;0.3369482987384723
2023-09-29;0.015035586195468763;-0.0943618418147004;-0.1300607436928507
2023-09-28;0.386957263365105;0.12537786263745396;0.3462913930440562
2023-09-27;-0.060723584219784646;-0.5482290745698497;-0.23576685251212484
2023-09-26;-1.4862087344529238;-0.9641345533537315;-1.358726968148296
2023-09-25;0.1113141641718451;-0.583061393145815;0.05250191174662247
2023-09-22;-0.5059636008244869;-0.21908467084884903;-0.3117731642028654
2023-09-21;-0.7383692597342214;-1.2540599720499144;-0.8549901908776181
2023-09-20;-1.414923106229536;-0.0442956192240434;-0.9932976538767117
2023-09-19;-0.04093997443835268;-0.18032439882534035;0.009155488605965156
2023-09-18;0.21036081279602292;0.4286210339866004;0.457859080281291
2023-09-15;-1.453643988205975;-0.9350128826627755;-1.005076034206707
2023-09-14;1.065215066271609;1.0571793135715404;1.0623219409973488
2023-09-13;0.5049716502696656;0.3117429818310927;0.1581630169983934
2023-09-12;-0.9591578996455613;-0.5851766573700623;-0.7185691836642835
2023-09-11;0.8646422174381841;0.8513270230406653;0.7521610776901791
2023-09-08;0.6868303867547826;0.15799799727067315;0.4193631141239502
2023-09-07;-1.130846885217247;-0.7983876581105757;-1.2132842316470618
2023-09-06;-0.6164640419202192;-0.10308647737300253;-0.8244078514992073
2023-09-05;0.32843423242921654;-0.6376412983487056;-0.08508976394001783
2023-09-01;0.16953283854567053;-0.48859013970621834;0.10434636401268328
2023-08-31;-0.5916654463916832;-1.016423634390601;-0.628251369272919
2023-08-30;0.20805715232288635;-0.10767953826232898;0.2991425829121904
2023-08-29;1.1417086187967234;0.26293190626274254;0.9785072750382314
2023-08-28;0.3483159382188488;0.28922373426182313;0.38973388227044525
2023-08-25;0.6621370067390171;0.39067979577610634;0.5739301805536372
2023-08-24;-1.426316223168074;-0.4308394280128428;-1.1509894238505796
2023-08-23;1.166511246670646;0.5330381338699302;1.0474523037503802
2023-08-22;-0.3841237085791455;-0.8405663142740776;-0.4683875608741944
2023-08-21;0.8396658843624452;-0.3227534455175026;0.45360202136026856
2023-08-18;0.12470262477983296;0.4161482424222714;0.22219402877132624
2023-08-17;-0.9091311294824462;-0.19442826571012295;-0.7716936687829898
2023-08-16;-0.27307408041931935;-0.10566897849108395;-0.26171362698732836
2023-08-15;-1.156014305780023;-1.074578961101355;-1.196986704949077
2023-08-14;0.5356983533770712;-0.17617411669869554;0.35711058825829195
2023-08-11;-0.07508684962034033;0.33896109887885745;0.10559175461706516
2023-08-10;0.013367136949899893;-0.1643567821552428;-0.06509302483207795
2023-08-09;-0.9354542456994737;-0.25689521192362064;-0.7497290795891697
2023-08-08;-0.7120146513286274;-0.5514860072648381;-0.4518930584222549
2023-08-07;0.3490727111371178;0.7143054921519104;0.14887230752004832
2023-08-04;-0.7764920982796333;-1.032294551691865;-1.3046420675413395
2023-08-03;-0.16697376048385149;-0.24693908647095153;-0.18683894436365164
2023-08-02;-1.648186583691123;-0.3155491082678379;-1.1725867263365854
2023-08-01;-0.1535086167124052;-0.26773050153657785;-0.24280756320631935
2023-07-31;-0.2976930731340771;-0.5315175010081732;-0.17047170831466504
2023-07-28;1.4095423980789648;0.4135432692768177;1.0070674098209889
2023-07-27;-1.4854685068179396;-1.116483597142825;-1.171031140323537
2023-07-26;-1.361376714984767;0.5972467520481137;-0.37889862947582964
2023-07-25;0.6357404733605545;-0.20594214868490673;0.24473645765357638
2023-07-24;0.6907119850031878;0.4852940044260228;0.6819521624546445
2023-07-21;-0.6633293192977243;-0.20604967213739056;-0.5187473960749499
2023-07-20;-0.7384936721654789;0.8418657064437465;-0.1678592240182889
2023-07-19;-0.09833440590383742;1.1495730288269381;0.372378408573934
2023-07-18;1.8339623981684061;0.19773233244343447;0.9151608915411202
2023-07-17;0.8161596196276765;0.431431582727564;0.9472388788792876
2023-07-14;0.6571923512204455;0.828635118640002;0.5829541508276329
2023-07-13;1.0721337553205381;0.8559570219353094;0.8205218003886279
2023-07-12;0.9931681340688411;0.6233646783956519;0.7935865090359002
2023-07-11;0.4680785581988838;0.5960489539053673;0.47150964521782457
2023-07-10;-0.8981359338719254;-0.561973862647061;-0.6646677168633986
2023-07-07;-0.6832620108322343;-0.8544642834254512;-0.5474990692119646
2023-07-06;0.11373318777117697;-0.6355755280216656;-0.15885168691773738
2023-07-05;-0.07887800735608826;0.36735247495174506;-0.08529229056306101
2023-07-03;-0.17237408323723102;0.4978090443862215;0.00766901307355583
2023-06-30;1.451912078107057;0.7019710692127226;1.305340719247381
2023-06-29;0.5617883656999327;0.1622142103921944;0.6429164875175198
2023-06-28;0.006375207175956271;-0.6860539588315907;-0.12061648629548541
2023-06-27;1.021441669297677;0.0521026055942749;0.7040905730769516
2023-06-26;-0.9426824443336624;-0.13067086074784645;-0.5607494391529599
2023-06-23;-0.9706968283725671;-0.9731220380643887;-0.7728537386465254
2023-06-22;0.7681484324781238;0.24893574786780456;0.4810597279781652
2023-06-21;-0.6877057133681512;0.014427374202976018;-0.4130167719801277
2023-06-20;-0.8115833756315671;-0.6942819511647446;-0.5964279514332275
2023-06-16;-0.7103410852968826;0.3354845335547002;-0.32223833154389386
2023-06-15;2.140085453351136;1.5094943451749072;1.6450409027949144
2023-06-14;0.5071596208035285;0.4780252269401151;0.37418733760094064
2023-06-13;0.5438098218255609;0.5042762209952899;0.4120867472175571
2023-06-12;0.86230674892073;-0.12738233433021418;0.590610810672244
2023-06-09;0.323586024179414;0.20543616556714964;0.25194670848864925
2023-06-08;0.5272168771793633;0.2374040340218548;0.5240208849984922
2023-06-07;-1.364451903037088;-0.22437860409307703;-0.7219166613612591
2023-06-06;-0.426837270096962;-0.5250391425038061;-0.3455270809239869
2023-06-05;-0.36032285054767194;-0.648163383561823;-0.524369839549711
2023-06-02;1.2669402364283315;1.8528806538201006;1.3159692119081072
2023-06-01;1.2222295973170871;0.8186935981469319;1.1263904025555835
2023-05-31;-0.7276752935935313;-0.5002443244655083;-0.586954465086504
2023-05-30;-0.14655300254109468;-0.5132164668966637;-0.01718234248575984
2023-05-26;1.3648274193890502;0.2612318745765764;0.9886855524047156
2023-05-25;1.826549340234814;-0.059566393117127525;0.9632469486917167
2023-05-24;-0.5404284881834716;-0.8187085717625316;-0.5196840956468589
2023-05-23;-1.3361714657308614;-0.5423907092714721;-1.06942172655038
2023-05-22;-0.19540900196492783;-1.5070879321390314;-0.6183759267272644
2023-05-19;-0.06218229568438015;-0.0227941024682125;-0.04696499859686877
2023-05-18;0.9370975633078749;-0.05934401575691184;0.6842348961211493
2023-05-17;1.1698115434991252;0.6847856220827533;1.0488427006317569
2023-05-16;0.003953763168559332;-0.8293686314146315;-0.26555400249898664
2023-05-15;0.18230108302570364;0.017624542559404478;0.12607173641262776
2023-05-12;-0.5028974410076744;-0.08087385809542147;-0.4605581161860608
2023-05-11;-0.29250235188927576;0.24171363557982395;-0.09066964650160045
2023-05-10;0.9942048226637122;0.3140668001754194;0.6964576917291336
2023-05-09;-0.6336792881920422;-0.7231021673750573;-0.6607369692570024
2023-05-08;-0.28089423765223565;-0.12325904053403614;-0.1477355680110993
2023-05-05;1.9513382408000997;0.9219075810158962;1.973539376524923
2023-05-04;-0.2654484712036441;-0.182933437521215;-0.42978601887801204
2023-05-03;-0.8160813280054185;-0.8705676773291193;-0.881706413161685
2023-05-02;-0.5471151952688484;-0.6573165249000316;-0.652536045826643
2023-05-01;0.2565220030386014;0.5582179482500941;0.44483012558860746
2023-04-28;0.7975484452727615;0.7723041271224178;0.7517041982659265
2023-04-27;2.225227305866298;0.7703615196820209;1.7561995456950283
2023-04-26;2.934856850308016;0.07746963926445516;1.2490980968432392
2023-04-25;-1.7065116317812452;-0.8135058302330483;-1.3348034152714625
2023-04-24;-0.629712472911303;-0.2265751891383724;-0.31673174477467836
2023-04-21;-0.20640576234607472;0.041288134950917946;-0.2389609048948597
2023-04-20;-0.45093956280352676;0.14923611121839347;-0.2823894547409905
2023-04-19;0.108356787142901;0.10380705295265209;0.1616748697667936
2023-04-18;0.30986233721292605;0.3315745659206487;0.43296370177926563
2023-04-17;0.7300470853774078;0.7107700260048697;0.5956210402061777
2023-04-14;1.052688898021878;1.3738367534094973;1.4867326145370734
2023-04-13;1.7179401341880551;0.8196203205746678;1.520831257705681
2023-04-12;0.0789030788390053;0.1409436302985946;0.011327561827276622
2023-04-11;-1.0877854426778129;-0.25638255164952933;-0.6392469574312949
2023-04-10;-0.5343819661433762;-0.17257337923326554;-0.4862210538184152
2023-04-06;1.2629408027168565;0.2932778324683496;0.7367335216498352
2023-04-05;-0.4210433619024023;0.569305099032729;-0.19894805261723678
2023-04-04;-0.4055122543513594;-0.49494202587727065;-0.4796714456883396
2023-04-03;0.0018804814849802676;0.3403264860421475;0.18159131639210863
2023-03-31;1.2361397253583437;0.6174305767558602;1.0626081015083613
2023-03-30;0.6547763577173493;0.05952961169417256;0.4337540286711091
2023-03-29;1.3336156387555298;0.7348863014157329;1.1049416620107597
2023-03-28;-0.16074235105897836;0.0978843287835927;-0.07922295899744795
2023-03-27;-0.09239635090068513;0.9555580315704596;0.28203200604592615
2023-03-24;0.537271538561086;0.8960459770656612;0.45659995922271146
2023-03-23;0.925024336128094;0.007115047915546208;0.51147501842524
2023-03-22;-1.0374225037183282;-0.9152020838650189;-1.0753772543003177
2023-03-21;0.9551269491302933;0.3222047512444782;0.9362338362726764
2023-03-20;-0.6074573943247421;0.6061936669704646;0.17138248899688502
2023-03-17;-0.45470281650290967;-0.9994086664037785;-0.8773555393121376
2023-03-16;2.691286764881054;1.2208855759807555;2.0091562083264427
2023-03-15;-0.08084591592807369;-0.369178168192697;-0.5163299548993885
2023-03-14;2.106108618985823;1.0896872080086166;1.692040512636734
2023-03-13;0.952071167415705;0.5325489910491515;0.6057448389406712
2023-03-10;-0.377020210764449;0.10048799608804618;-0.11737992841876516
2023-03-09;-1.8433377623694758;-1.873862028026832;-2.0291964567438274
2023-03-08;-0.09832115930395541;-0.11180757389174377;-0.012107414453375043
2023-03-07;-1.4552445905264109;-1.1370900612790316;-1.434810491868796
2023-03-06;0.6672377449375637;0.9912940970966764;0.7662796000385701
2023-03-03;1.5847214874498663;0.2536213112590416;1.4597330908693464
2023-03-02;0.9946131763458693;0.9795486770017555;0.6796281998798872
2023-03-01;-1.0957096734641993;-0.9960733035959006;-1.0132341226835524
2023-02-28;-0.083541623541285;-0.20396883849810699;-0.06319295182304256
2023-02-27;0.4787772927181445;0.20475521219608958;0.46908327668550176
2023-02-24;-1.1317641651009527;-0.3224056129236582;-0.7831949984094384
2023-02-23;0.8673848501268118;0.43498536417669964;0.6359772112592806
2023-02-22;-0.3006964823859548;-0.009146170716806866;-0.1731808578541896
2023-02-21;-1.8434325386102994;-0.978166181380672;-1.6475598503094853
2023-02-17;-0.5104801854061946;0.927562636399363;-0.0870007221635622
2023-02-16;-1.8107213778303224;-1.0016263291683394;-1.3736087758358686
2023-02-15;-0.09758653309767451;0.004359966326571402;0.18349253652764363
2023-02-14;-0.09099410416171033;-1.0026959953917647;-0.3123717033962431
2023-02-13;2.2468519191724017;1.6825994412454555;1.8393414538748671
2023-02-10;0.03931622126037026;0.07347980012182788;0.11011858064896368
2023-02-09;-1.0220909553660817;-0.5720581082100724;-0.860677359787299
2023-02-08;-0.6376086921532055;-0.5792727525140304;-0.7520458290912571
2023-02-07;2.4841245809415695;0.5986740298226182;1.6986455066318018
2023-02-06;-0.2955789262323659;0.4461500170542504;-0.2223309708629158
2023-02-03;-0.568319155432955;-0.4280497649620897;0.09771352778510761
2023-02-02;2.304871633355994;-0.7591984393615006;1.3689321684451174
2023-02-01;0.987576098474682;0.16800252470004268;0.5943674535860156
2023-01-31;1.4358044165741406;1.1139026485741992;1.135221960477294
2023-01-30;-1.4510140173763253;-0.24876207755360158;-1.1006250096730312
2023-01-27;0.17680362103091235;-0.29812343201373537;0.2189818183434002
2023-01-26;1.7507899410651449;0.32789678712921067;1.1692126291927447
2023-01-25;-0.12463105708323423;0.46625609703799537;0.036159278017127774
2023-01-24;0.3127562749620756;0.5208762380064843;0.49333878938634884
2023-01-23;1.1832686828009922;0.6220907949229325;1.1833483173211032
2023-01-20;2.0976891372562987;0.8444964349615725;1.4899327070207649
2023-01-19;-1.0975522956720576;-0.5639689514156581;-0.7732546440600564
2023-01-18;-2.1569611319486586;-2.903430912167896;-2.088637893688425
2023-01-17;0.05570152306553622;-0.00482837267879975;0.00757352731831018
2023-01-13;0.9084299358229323;0.8169800798967319;0.9985763585357159
2023-01-12;0.29849097023962595;-0.7724041683639988;-0.06904339933960878
2023-01-11;1.840629765932463;0.35216406663012745;1.3156985853469574
2023-01-10;0.49070041728715436;-0.24674555527516093;0.3117412249593238
2023-01-09;0.20811188592852303;-0.8297681778631731;-0.08963341663928778
2023-01-06;1.802741026543384;1.845460594703054;1.991220352015271
2023-01-05;-1.7373637285798824;-1.098756873850793;-1.2446121529282093
2023-01-04;-1.724093301263795;-0.30119353879315497;-0.6660840592411945
2023-01-03;-0.5452045941911301;-0.5517981515997481;-0.842350469839838
2022-12-30;-0.14101650910611746;-0.27212640648939995;-0.04183592708681699
2022-12-29;1.9087990839817055;0.8246080554579435;1.5501111074814689
2022-12-28;-0.93451112591154;-0.6691122311675514;-0.9826265220959336
2022-12-27;-0.3499214472922633;0.41031738654849087;-0.22255050772269208
2022-12-23;0.3061045037344445;0.6402034897679529;0.308796590935584
2022-12-22;-1.8975785457265872;-1.0059864748483265;-1.5776694846011265
2022-12-21;1.355339208122275;1.4490719137537824;1.4314433010031682
2022-12-20;0.35401141670616765;0.10996131553858605;0.23099157310945156
2022-12-19;-0.8682882400546593;0.039287410372316395;-0.5666464835886432
2022-12-16;-1.2487160295167543;-0.7063720445916826;-1.0235502578537075
2022-12-15;-2.9196850801800314;-1.8068208450400944;-2.699112522023759
2022-12-14;-0.26325128173318646;-0.09456808669350036;-0.4064504376105759
2022-12-13;0.896762169214509;0.18758022002366467;0.5558662801361909
2022-12-12;2.153599422817343;1.5339256899732785;1.766453249467303
2022-12-09;-0.7238605136282653;-0.9143526711291243;-0.6667390621681001
2022-12-08;1.054878696624732;0.6460714835763057;0.9212269254890824
2022-12-07;-0.3151096620206556;0.059524020712418343;-0.3298823876802683
2022-12-06;-1.2629091373910348;-0.21372834140909944;-0.9849436243211707
2022-12-05;-1.8640783408908792;-1.731341206866869;-1.675077747931152
2022-12-02;-0.01381867260110118;0.4397187791523133;-0.013743563179376861
2022-12-01;-0.3280397863963496;-0.12772868535094395;-0.2865111359754485
2022-11-30;4.243876710954689;2.6195753054613258;3.437241859090564
2022-11-29;-0.2454636375673721;0.05102105166902682;-0.24731883717762407
2022-11-28;-1.8320124250794698;-0.6117754380887053;-1.537069304460184
2022-11-25;-0.2165290082237616;0.10193510411389772;-0.32938308008733475
2022-11-23;0.8868582320545675;0.6447374606495037;0.7575537855481973
2022-11-22;1.1868684663875195;0.7475375925904594;1.0836613272383517
2022-11-21;0.0033955681410083316;0.953655570696023;-0.11078377694183988
2022-11-18;0.30251951205977545;0.6704083353188509;0.45033367727260715
2022-11-17;0.11622551443758156;0.11745481650100263;0.2238171499907508
2022-11-16;-0.024411735350410482;-0.07461498708176732;-0.13266927993023392
2022-11-15;0.04681427781140124;-0.24832762678771064;0.058600391091979204
2022-11-14;-1.58260094948234;-1.114116366040816;-1.2495933694130679
2022-11-11;1.2158551824114223;0.707439838715759;1.0317068382570458
2022-11-10;6.597279582718474;4.199679849328709;5.762740447351318
2022-11-09;-1.8679682964402324;-1.4278576937021195;-1.8134252545665563
2022-11-08;0.30733243024591683;0.1855398518346748;0.2546634059260171
2022-11-07;1.6176380164603434;0.6901146896686097;1.0388182017475336
2022-11-04;2.3043891663140585;1.4974372169148427;1.682369703941096
2022-11-03;-1.7814329629273367;-0.28057144101961345;-1.4800377332359211
2022-11-02;-2.605832539142337;-1.520616807357397;-2.208429218680858
2022-11-01;-0.6876727304246052;-0.03445214888540696;-0.4142325844387205
2022-10-31;-1.2417076481005909;-1.220173408533959;-1.1186921071263685
2022-10-28;3.514854450102169;2.0875169695231675;3.3300589228764634
2022-10-27;-1.204847127010104;0.032888580388641675;-0.9455763009067357
2022-10-26;-3.5117449985999993;-0.07394703303144323;-1.8475658035224582
2022-10-25;1.3722089752416453;1.8303911035363603;1.3961847536831198
2022-10-24;1.7112764348358949;2.2055969553158707;1.575694509371975
2022-10-21;3.0104640918353733;2.4805861671642013;2.8857974722304487
2022-10-20;-0.44985672270193694;-1.1519299377020487;-0.5749039963076626
2022-10-19;-0.9777345255818145;-1.087976752907151;-0.8992056906746917
2022-10-18;1.1279501451316427;1.5087715606220078;1.269984055547521
2022-10-17;3.406090540085103;2.1967863067518483;2.936446086602942
2022-10-14;-1.4633497545969743;-0.9841722951154425;-1.2332430927173545
2022-10-13;3.7014292945256138;2.4925856704851483;3.3332590292345485
2022-10-12;0.5824506566861232;1.1849935707757686;0.6530433367062664
2022-10-11;-1.5508824817359608;-0.685609155448538;-1.3039851913963183
2022-10-10;-1.2226293012552072;-0.5778011076767805;-0.7740312608993782
2022-10-07;-3.4963933666977507;-1.6140783397086422;-2.7412851951452226
2022-10-06;-1.3705193455195908;-2.0003225389198795;-1.4217177617730146
2022-10-05;-0.35079879794562985;-0.8937997534852584;-0.4704804364559699
2022-10-04;3.03156248050954;1.5205001739731465;2.584731263649133
2022-10-03;2.8848180633368425;1.7861277918826164;2.5104904159230546
2022-09-30;-1.8294889782223303;-1.202331422424598;-1.7189776620248132
2022-09-29;-1.8531501235068153;-1.0100630277522462;-1.9561436406469839
2022-09-28;1.4011569355180993;1.366563026955045;1.0112408582073507
2022-09-27;-0.7563902561835063;-1.982690975382585;-0.8419130530216862
2022-09-26;-0.7623864233819553;-1.3278844473530211;-0.8539154781214486
2022-09-23;-1.4092780452641012;-1.2906603814680828;-1.3636983950346584
2022-09-22;0.018874232158717835;-0.3127406310099788;-0.25850931452767745
2022-09-21;-1.7432500266820945;-1.3389919082829045;-1.6958180723968959
2022-09-20;-0.6643612689164705;-0.6150557023689354;-0.428811840799857
2022-09-19;0.6260808235421611;0.7008963306627672;0.8987462503478034
2022-09-16;-0.4166827820049178;-0.16016687633566337;-0.44776615874816983
2022-09-15;-1.4170620074201319;-0.8829499953356739;-1.0170382875241621
2022-09-14;0.20659532203145298;0.3191614553937449;0.2882283438121199
2022-09-13;-4.706645994982824;-3.5376699847675424;-4.228769907402976
2022-09-12;1.216147865422767;0.5382576659582894;1.3451890145887773
2022-09-09;1.4961348507657553;0.5676399547726116;1.1518613699710598
2022-09-08;0.4272360208929771;0.3101349974269752;0.3554619972284596
2022-09-07;1.7673297596412971;1.8650371770381946;1.599385296648772
2022-09-06;-0.611838449039534;-0.07863448648355834;-0.4197917898193574
2022-09-02;-1.3569179654982004;-1.2585771693212782;-1.2062866527228424
2022-09-01;0.10421897864088692;0.4220069903545202;0.28077314279136756
2022-08-31;-0.6643126847428817;-0.6688811103033471;-0.6808803902635282
2022-08-30;-0.7571259970341047;-0.7149542780072753;-0.7459108213932544
2022-08-29;-0.8415582168994421;-0.57520834712199;-0.7520821954156655
2022-08-26;-3.4687148005314823;-2.7516460383796053;-3.1399427983669597
2022-08-25;1.3399393768761794;0.9546061160996889;1.2899514104005498
2022-08-24;-0.008559604933967714;0.12176952918326844;0.0726997560005821
2022-08-23;-0.4539321914923859;-0.18776454083317165;-0.37765481111027693
2022-08-22;-2.315674288213122;-1.6785581707883122;-1.979621222815366
2022-08-19;-1.42623335287269;-0.7307100886138465;-1.2861818053037979
2022-08-18;-0.30294129095092226;0.14724762565985927;-0.20724498449431955
2022-08-17;-0.23769536782040895;-0.3649674379522629;-0.1580433084987543
2022-08-16;0.22149758622245214;0.7345705864186869;0.36106047928167934
2022-08-15;0.6101732169260095;0.9673681997639725;0.6417960759919267
2022-08-12;1.5905823470396667;1.0526914960808393;1.4583541512124027
2022-08-11;-0.18766249170032998;-0.22096616712034384;-0.0730012377783632
2022-08-10;2.2444720864950245;1.465129685212324;2.0214992903492677
2022-08-09;0.5626981223205659;0.35490409659399014;0.439596278033262
2022-08-08;-0.8558049843646179;-0.7980579963251316;-0.7531623066009291
2022-08-05;0.46640527748645605;0.3114026972609931;0.5496647698710744
2022-08-04;-0.14392156363192313;-0.4564094670969067;-0.306930466033281
2022-08-03;2.1305397860796793;0.821703376386258;1.8332414396488081
2022-08-02;-1.2483927876648648;-1.382427232811219;-1.2032198706316608
2022-08-01;-0.673054594377441;0.052304714146426345;-0.4790401318395409
2022-07-29;1.3096620296011516;0.3870150344927694;1.2101826959061879
2022-07-28;1.5919180958995127;1.3566076463228114;1.1082650061053911
2022-07-27;3.9151397328403568;0.8454215065540589;2.6780571120016194
2022-07-26;-1.4547140761138784;0.49131765921847786;-0.826409970702759
2022-07-25;-0.11872250927641156;0.6839847803244421;0.048877719534473146
2022-07-22;-0.9513380523137417;-0.030946079786737163;-0.6128032592866275
2022-07-21;0.7771048573466754;0.09644372183445725;0.6601940449286028
2022-07-20;0.3927629851776476;-1.008373648359027;0.11797047382161274
2022-07-19;2.135921153475942;1.7220747717553113;2.0299316959051588
2022-07-18;-1.1899579301249832;-1.2460154216119836;-1.2501506282738803
2022-07-15;1.7664692854639792;1.442685433912356;1.7632552634203993
2022-07-14;-0.3211454456484418;-0.9085905417203037;-0.4094372545351099
2022-07-13;-0.5011798396252335;-0.555193059662568;-0.49462004359934514
2022-07-12;-1.8936079911928574;-0.7092948403052137;-0.9707401981869348
2022-07-11;-1.100806670252024;-0.6221019631274395;-0.996475284443827
2022-07-08;-0.07674840533167013;0.15130223306032592;0.03831605526642448
2022-07-07;1.143785728795178;0.09506183077630165;1.1208411701150565
2022-07-06;0.6179813093524793;0.13746389023621836;0.40102824473096044
2022-07-05;0.46872983149370157;-1.1052314979424245;0.17213155089401438
2022-07-01;1.4048833045554077;1.9743391726719342;1.4948305450990815
2022-06-30;-1.3392691041973679;-0.44643096755125855;-1.2015577389266816
2022-06-29;0.8882434582564904;0.5519959220613946;0.6973197830941528
2022-06-28;-2.1700448924302513;-1.1228208592873588;-1.7601716778719796
2022-06-27;-0.7115614230789103;-0.424091397232864;-0.5142820416764516
2022-06-24;2.9287241224723237;2.2774838306213954;2.5588749518949703
2022-06-23;1.3077331344025762;0.8181881117399312;1.022350166913531
2022-06-22;-0.16511262403400992;0.35705189859655695;-0.0915987261701641
2022-06-21;2.5164099333969214;2.244394537626129;2.423539847465408
2022-06-17;0.6920154304221566;0.4552026477012856;0.5683671550682925
2022-06-16;-2.3550680480725714;-1.3389232997024274;-2.14757111154535
2022-06-15;2.0623642724943405;1.0763073136385504;1.6272273687074328
2022-06-14;-0.31672888860561044;-2.1053641571280894;-0.733037361300546
2022-06-13;-3.1998328390066533;-1.1698784063491576;-2.598970746815184
2022-06-10;-3.76015016796284;-1.8906778136768434;-3.1935818222489214
2022-06-09;-2.225368237026849;-1.8491023254396193;-2.1973815068016527
2022-06-08;-0.885370033279086;-0.8094232579968366;-0.8327657588630833
2022-06-07;1.0524268749652679;0.6158056381773267;0.9171808929711196
2022-06-06;-0.2545776684850618;-0.22894615020833256;-0.13532240174852453
2022-06-03;-1.8106973979178393;-1.2858528478266753;-1.8329101645835455
2022-06-02;1.1379996893859108;1.1397923788487039;1.1982638025377024
2022-06-01;-0.39641648632014714;-0.6861913054046145;-0.5278007613738066
2022-05-31;-0.4828364352911056;-1.2608668512249466;-0.5519153958429294
2022-05-27;2.260845507844481;0.999736403951255;2.0064338538478195
2022-05-26;1.3661648794998162;0.7520472837959183;1.3078707276062507
2022-05-25;0.712893546660935;0.32191072594476916;0.4956836908870178
2022-05-24;0.19298560529847109;1.512559472345944;0.3313614454270867
2022-05-23;3.9652075662411628;3.761038248223405;3.9207153248885493
2022-05-20;0.006727116842301931;0.9080959571702639;0.18102999817985377
2022-05-19;-1.1685234822803126;-1.687789950469902;-1.4460697726930092
2022-05-18;-4.45742738257536;-5.577862844632497;-4.4322792295647115
2022-05-17;1.999564994811653;0.7430954081449609;1.7775148896586748
2022-05-16;-0.1680977001656359;0.11404988057783089;-0.2600055429674682
2022-05-13;2.007320986823068;1.7054996542033927;1.894540418924221
2022-05-12;-1.2629659248473901;-0.020940272607590293;-0.9802414272924429
2022-05-11;-2.3144332804552286;-0.17296596385011329;-1.9076068969285818
2022-05-10;0.3804283306400139;-0.9531790286103501;-0.0543389975140694
2022-05-09;-2.5555439451305633;-0.8542585350105478;-2.01346794097014
2022-05-06;-0.3592470592095354;0.1061361625150341;-0.09297301897449918
2022-05-05;-3.4926118271731132;-1.5454002841558576;-3.0285912469597442
2022-05-04;3.188245930217931;3.118356149358962;3.147545671239729
2022-05-03;0.06965758277208497;-0.027388924376626086;0.3496748189531652
2022-05-02;1.1065136885653062;-0.7647944312010062;0.4409932682068648
2022-04-29;-3.591680679041621;-2.759249601336639;-3.1808740510017257
2022-04-28;2.185176310306386;1.2334138384517275;2.10448496365877
2022-04-27;2.0885750432502497;0.7687610348743806;1.0442396644218759
2022-04-26;-3.1563014536525626;-1.950512487894997;-2.758613599223556
2022-04-25;1.4129844469411112;0.9723825042712797;1.001559205090135
2022-04-22;-2.4028720955429153;-1.8580534402434128;-2.2405781596787158
2022-04-21;-1.0893340284350328;-0.11657814986481499;-0.6804465860045048
2022-04-20;0.47353396954362587;1.0431055863527867;0.5022194176422451
2022-04-19;1.6250414961640576;1.2896948164195432;1.4703833365112455
2022-04-18;0.3673390979231744;-0.18130861986258046;0.27586034270508836
2022-04-14;-1.8074311279612796;-0.18481027829971108;-1.3966062921370361
2022-04-13;0.46056137312088063;-0.3008354066693956;0.07964661926745592
2022-04-12;-0.425903376533081;0.4421466365263913;-0.03057333683885266
2022-04-11;-2.2854139014144983;-0.5224007585579776;-1.5957083581176175
2022-04-08;-0.3270527413304907;0.653041051762768;0.008211279707867836
2022-04-07;0.3409660872080385;0.36734306856331195;0.2508310672168133
2022-04-06;-2.1132602528203996;-0.005182702881508239;-1.3788970833352499
2022-04-05;-1.1432497741322594;-0.46261804907289844;-1.0202490638619035
2022-04-04;1.1702723957978587;-0.0689774054167028;0.9019214119227448
2022-04-01;0.21766392568680626;0.8319981972601592;0.22122503086161163
2022-03-31;-1.8060603003527196;-1.0619605715552183;-1.6326591797392358
2022-03-30;-0.408607429048669;-0.09521034130016566;-0.3490676826403574
2022-03-29;1.0834240812555767;0.4725893814775214;0.9135853559562486
2022-03-28;1.0970383023932748;0.5192398848238007;0.6521394881495158
2022-03-25;0.3352763337986428;0.7845715765110767;0.4842038891424508
2022-03-24;1.3360614097045165;0.9560364884060264;1.2412002166550145
2022-03-23;-1.1627925485162938;-1.0341718533762028;-0.873375851435141
2022-03-22;1.5905234843458147;0.8776499328487961;1.4479668846560991
2022-03-21;-0.0237399392013814;0.42783327449083064;0.18443811022054685
2022-03-18;1.1034822560211799;0.19273188431506852;0.8548165888140673
2022-03-17;0.6844440160689053;1.0201322357718474;0.7805621729741914
2022-03-16;2.538715786594638;1.0455937524245935;2.2606989653762026
2022-03-15;2.9345255668491808;2.047262328135942;2.4669849869557647
2022-03-14;-0.42656905328615463;1.315798397654092;-0.14947277058834507
2022-03-11;-1.7257314801835195;-0.6428497940910596;-1.507203396863895
2022-03-10;-1.4139887046123385;-1.604770340200211;-1.549842221107473
2022-03-09;3.6192732583683096;1.6968536607667069;2.975819879031266
2022-03-08;-1.5039806065178123;-2.9569781055242004;-1.6743779040483364
2022-03-07;-3.373881942725209;-2.8481437653893265;-2.9795083602589463
2022-03-04;-1.8188017101775151;-0.7135595899594218;-1.5433404124691399
2022-03-03;-0.847181772670406;-0.26124015291582275;-0.5569151329304665
2022-03-02;1.7055653130868125;1.138479790763905;1.5599863925232844
2022-03-01;-1.6877056817656149;-1.2405484381943255;-1.6055350910533281
2022-02-28;-0.8524685585972744;-1.498783071881954;-1.1278759646297198
2022-02-25;1.7991411302401499;3.230042502384371;2.0484117995718303
2022-02-24;1.7021987432092707;-1.2391042361098425;0.47648181128218825
2022-02-23;-2.225204574839014;-1.4779086346355246;-1.9650630634461388
2022-02-22;-0.38043777210256646;-0.32794844948347335;-0.522780375578061
2022-02-18;-0.3568866547566465;0.4560716646338751;-0.14164477367173708
2022-02-17;-1.8434515735491561;0.5520857666281948;-1.2324228026032
2022-02-16;-0.035103337805907825;0.015158725158066176;-0.015761825783011055
2022-02-15;1.5759006816803252;0.7692418440065828;1.3869671465664826
2022-02-14;-0.08810414723008012;0.23841423856375124;-0.0454715250898505
2022-02-11;-2.0083196776903947;-1.7440376915641156;-1.7806018514362985
2022-02-10;-1.649428706332414;-0.014969093488766794;-1.1458191193814935
2022-02-09;0.9709189447625837;-0.7274328531292816;0.42884816277921867
2022-02-08;1.3459839082893534;0.9723292687039587;1.3019291273413631
2022-02-07;-0.5713174125058409;0.6092913745252053;-0.14641051136380334
2022-02-04;1.120789194639195;0.007145551394420274;0.7408679653232858
2022-02-03;-2.126095107257393;-0.11763032327673673;-1.3392417146091173
2022-02-02;0.803662037613822;0.686259336201589;0.5772520766658324
2022-02-01;-0.08629669842460974;-0.20927199891512172;0.04668694168120152
2022-01-31;1.1160421495376986;0.5750063914572359;1.1522991343447815
2022-01-28;2.7875260315869608;1.8463132117863088;2.819996838465001
2022-01-27;0.07346673221143704;-0.208147773830851;-0.21528219139727686
2022-01-26;1.488907249241625;0.25899979577357546;0.8462745340775154
2022-01-25;-1.1973831031684379;-0.20973644396872132;-0.6782687325954025
2022-01-24;-0.16800351541944425;-0.5569368827643887;-0.29361959311806923
2022-01-21;-1.5191996681389879;-0.9073825090305365;-1.277278966242834
2022-01-20;-0.6683565094289867;-0.5219425265231339;-0.6651725928448006
2022-01-19;-0.4940616461286652;-0.1959822417321155;-0.7099990247755261
2022-01-18;-2.4824677785651232;-1.7008511388936927;-2.2341021952374804
2022-01-14;-0.35181142900747353;-0.5812773794390167;-0.7903113325064693
2022-01-13;-2.1749113103673627;-0.07666044921109483;-1.3211319622760038
2022-01-12;0.6803447821857868;0.3344823091754543;0.49155311670508917
2022-01-11;0.35686312027014355;0.06843565107106853;0.4258302701880105
2022-01-10;0.08589975840315887;0.14083437760547418;0.0860009777612951
2022-01-07;0.22211993993525714;0.060676790266789404;0.22233543004013073
2022-01-06;-0.4420543234288632;-0.2142074056364859;-0.39741456070934733
2022-01-05;-2.432707674991792;-0.2379673023197202;-1.738692600410273
2022-01-04;0.1653774956593633;1.7614912728790386;0.6826017170373372
2022-01-03;0.6148554190358513;0.5064633719812799;0.950272177909949
2021-12-31;-0.3580803082209775;0.38409808042022076;-0.1293593509804163
2021-12-30;-0.5100674695431829;-0.28890353838648064;-0.4085523674453303
2021-12-29;0.1121588727416302;0.09184443843944057;0.07843595845298514
2021-12-28;-0.10615382591632208;0.29359545907697465;-0.029036371344436956
2021-12-27;1.652099305393769;0.8722311639254376;1.3668567318794267
2021-12-23;0.35164834377576326;0.17114471676047321;0.2912017860214808
2021-12-22;1.2630870642861038;0.7588043820584791;1.0329383742286506
2021-12-21;1.7243503595093495;0.817689336887019;1.407555047917352
2021-12-20;-1.137143013418151;-0.7375319377410098;-0.9947914752398237
2021-12-17;-1.0271335934735228;-1.5882905048365528;-1.175689092532326
2021-12-16;-1.3662193151302773;0.7125159931726879;-0.8686302086205989
2021-12-15;1.1901087201594458;0.35089930242260703;0.9761327685000124
2021-12-14;-1.4578443195042992;-0.13796505413742993;-0.766271570268603
2021-12-13;-0.528069835193854;1.4314783912161972;-0.28243817704084406
2021-12-10;2.0560060420889608;1.9745914931325665;1.8161501476049646
2021-12-09;-0.381002808077005;-0.26587495374783643;-0.30149244322591345
2021-12-08;-0.015687075970414577;-0.5016750005510003;0.07827084069520368
2021-12-07;2.164064563575339;0.9799341850711092;1.8907901636618187
2021-12-06;1.4503804968644212;2.094985016954962;1.6112294037054464
2021-12-03;-1.3422461539518902;0.0021068928570449896;-0.9575782562414805
2021-12-02;0.5608262581783311;1.4304777217349665;0.7264700014885564
2021-12-01;-0.29767845022285855;-0.33741149230958967;-0.32214684018041806
2021-11-30;-1.2983367823352028;-2.6371930056368584;-0.9724041531895106
2021-11-29;1.4540485566689219;1.2067248943104927;1.2519229168641004
2021-11-26;-2.7701627717622546;-2.9876628298073107;-2.7623651584499216
2021-11-24;-0.2388540908087753;-0.707241086321441;-0.3147267741111585
2021-11-23;0.4004870312222475;0.9461803080440991;0.672867989495384
2021-11-22;0.1750680870030952;0.7728155911331962;0.5066128316410525
2021-11-19;0.0969466045320527;-0.5650626386763755;0.021392569383120286
2021-11-18;0.32860165390466617;-0.723924573977652;0.2898012508893313
2021-11-17;0.03425247510797522;-0.48224223082382894;0.07433128825428997
2021-11-16;0.2877898691998831;-0.5240998763856031;0.03250109146830707
2021-11-15;-0.1278832674845293;-0.047222681563624386;-0.08745793900147213
2021-11-12;0.6578609075546363;-0.11308936628970484;0.4402170137680965
2021-11-11;0.2325993398698947;0.07544275066254255;0.12374956812664169
2021-11-10;-0.9286485950070703;0.09160021283893563;-0.6885580798702895
2021-11-09;-0.2362813842318633;-0.0025657263995720256;-0.1462363720753081
2021-11-08;0.0409134947649326;-0.4504133968143103;-0.11592924153385649
2021-11-05;0.033683284489178865;0.24507247481712344;0.11365962249428446
2021-11-04;0.09449659436988905;0.17049913711222311;-0.07804497958485902
2021-11-03;0.31808600344940896;0.2653427280669831;0.3547331308796221
2021-11-02;0.7006400537266599;0.12229996737997584;0.4952034567930682
2021-11-01;-0.4663455207806766;-0.32480319242405487;-0.38371491566964144
2021-10-29;0.8550070998045559;0.5806191552548794;0.27548414253264375
2021-10-28;1.0026711816103915;0.9977019494671636;1.2021345783685822
2021-10-27;1.8006930830728864;1.3129574721991322;0.9511050305106646
2021-10-26;0.49960857783973556;0.4268210460294173;0.4300576473968668
2021-10-25;-0.3409196968466502;-0.41465126698077653;-0.31327509732450204
2021-10-22;0.023138974654538402;0.35793058182507936;0.14786489219378124
2021-10-21;0.2688742849806851;-0.3991124048146616;-0.02230840993401176
2021-10-20;0.3743245986494285;0.8615617657650798;0.5589756392753235
2021-10-19;0.6841831026607273;0.5568536341447443;0.7786211549764881
2021-10-18;0.45703589307449793;-0.5718320388120341;0.232436824958079
2021-10-15;0.7211802402666456;0.30174312720915225;0.6915094632099091
2021-10-14;1.7555146905733574;1.0245029228286873;1.5019421100895243
2021-10-13;-0.0974317680279971;-0.42701018309946637;-0.44657551571368814
2021-10-12;-0.5105697323345713;-0.21375755660168133;-0.48879698698080504
2021-10-11;-0.5491780590273719;-0.3352858682628629;-0.5401424698557188
2021-10-08;0.05699703824529164;0.3186368722052106;0.07603104415431415
2021-10-07;0.5970823644847912;0.41403736143818903;0.5674925361157084
2021-10-06;1.0437619677278724;1.012531201909693;0.8528367814942984
2021-10-05;1.524728780075327;0.6769121098763647;1.230361676887564
2021-10-04;-1.336307721568302;-0.2834682798590623;-1.0511711739481922
2021-10-01;1.9624896919114916;1.4344931519848645;1.5866874718727442
2021-09-30;-0.9339133710144893;-0.9981294328159265;-0.9411046179774223
2021-09-29;0.25098889481664105;0.4138714097748312;0.304391501293815
2021-09-28;-2.4513573465543192;-1.731175054581084;-1.968203242099786
2021-09-27;-0.4966517460134079;-0.020132135119493938;-0.1693511657074393
2021-09-24;0.1891739550589261;0.051419868331855315;0.2138376607386535
2021-09-23;0.9806496900958908;0.6466618041215133;1.0199119078855388
2021-09-22;1.2864484283471562;0.6482351746206144;1.1738266836329803
2021-09-21;0.12523390450185126;0.00845266212551611;0.10967823853659509
2021-09-20;-1.954576344451124;-1.3141124292772077;-1.8144447144332547
2021-09-17;-1.4070444318628;-1.3590055985589546;-1.281025912932135
2021-09-16;-0.13045135482942938;-0.6390227743776913;-0.2475820254228368
2021-09-15;1.0876351417227865;0.5599851755906768;0.8011167512802886
2021-09-14;-0.06462013667144764;-0.22456557494774987;-0.374026646248456
2021-09-13;0.7557747799567902;0.9481232122378921;0.7900579387664611
2021-09-10;-1.0178511255396412;-0.6055381002387372;-1.1908366262535477
2021-09-09;-0.6236204369616348;-0.68587510220458;-0.5198986528210467
2021-09-08;-6.617604588614323E-4;0.8196978682392757;0.026144616918342356
2021-09-07;-0.302838016264735;-1.339686489735756;-0.2809258969321932
2021-09-03;-0.09452870879567171;-0.17770604385930772;-0.08496522049365021
2021-09-02;0.12131941490286574;0.17090130398084788;0.24428258699463062
2021-09-01;0.13337727966258373;0.42533645183021124;0.21819334605589746
2021-08-31;-0.40681427744812715;0.031226525087753046;-0.3278129745978636
2021-08-30;0.8100902691254552;0.4415870587936786;0.769057075775845
2021-08-27;0.4098515156387231;0.32918667993344153;0.4467908022635343
2021-08-26;-0.572795559560284;-0.6344840715467823;-0.45962146859348985
2021-08-25;0.2785860928104112;0.49279411653185934;0.3232778195281274
2021-08-24;-0.31146993317097293;-0.45573075489319326;-0.2143212959973236
2021-08-23;0.41020427656460484;0.044828318721096404;0.46061846876519075
2021-08-20;1.3394011917813127;0.0725854831364644;0.8170898151629368
2021-08-19;0.9296579121352224;0.4759029909889837;0.516239316772503
2021-08-18;-1.0623475048024944;-1.1846353337149074;-1.2308347907608987
2021-08-17;-0.6572670391769566;-0.5502618145317819;-0.641075989298595
2021-08-16;0.38638635468560595;0.21980632652347826;0.365478422242826
2021-08-13;0.37663778645957563;0.338252797136266;0.18230011365390655
2021-08-12;0.8659372209011986;0.32213145953306493;0.8108434142953633
2021-08-11;0.3567594626505332;0.19109643648820462;0.34767079295618303
2021-08-10;-0.030785579994145523;0.3723114338134029;0.14191950358987598
2021-08-09;-0.2101016685516879;-0.052975476520986116;-0.12700856139778274
2021-08-06;0.6125329693387745;0.774568153716363;0.6716548238991106
2021-08-05;0.9124561282721221;0.8670114291521769;0.771591089385282
2021-08-04;-0.6259440065258981;-1.2315842011366698;-0.7387161388598339
2021-08-03;0.8174645310475891;0.37805286772178687;0.7567969360189499
2021-08-02;-0.18134659757563348;-0.2679829097505304;-0.22074651398453785
2021-07-30;-0.42832233766378985;-0.25411848483333455;-0.31664262225671963
2021-07-29;0.3930742981578342;0.5648532661902538;0.46633032647662914
2021-07-28;-0.3305941772881098;-0.5928297817022204;-0.45760520419524053
2021-07-27;-0.5767414048220817;0.11654554035069913;-0.46044064327979844
2021-07-26;0.1039661856243882;0.18025357975800885;0.19392404319289244
2021-07-23;0.8591424846529201;0.7398954455607786;0.7392269544203864
2021-07-22;0.6118221413394995;-0.18607647346817308;0.2626657190270026
2021-07-21;0.9788663788022398;1.4057628370373223;0.9319563983083268
2021-07-20;1.1889864673416328;0.6106059239798716;1.2388974033027038
2021-07-19;-1.9218552978917136;-1.645675463970566;-1.9812918299365754
2021-07-16;-0.7619699799084814;-0.5480977440803453;-0.8950321015156237
2021-07-15;-0.2024840960167738;0.20794301435606038;-0.08602918870801418
2021-07-14;0.8807712547706804;1.514689834667299;1.0964457143663078
2021-07-13;0.5582918803590404;0.4952811947705891;0.36369112821382665
2021-07-12;0.1696293166137852;0.30779063763573905;0.2272389350111121
2021-07-09;1.0888811217840244;1.1194725655209938;1.2603582199049428
2021-07-08;-0.9945016990416372;-0.7031427617329499;-0.9269450547648083
2021-07-07;0.7880184127828578;0.6668784693996958;0.79698155773619
2021-07-06;-0.278120278234981;-0.7351667097886229;-0.26294829569039146
2021-07-02;1.3571599134564998;0.49486228286206924;1.0268676095979379
2021-07-01;0.3288796770701602;0.05174068761295289;0.28808965615387705
2021-06-30;0.2585986739556244;0.4898593682522697;0.3894732105547422
2021-06-29;0.4692659651914751;-0.41976248891300216;0.264258581645453
2021-06-28;0.8466459893245776;0.11358012984483744;0.6177762071916344
2021-06-25;-0.11830260448729046;0.061954679924440245;0.018744488765005618
2021-06-24;0.5159339954678506;0.592784103250153;0.444644025609857
2021-06-23;-0.06912962005861135;-0.4268998658176542;-0.11408278306448913
2021-06-22;0.7143428784404564;0.33581246199705406;0.5835357393598466
2021-06-21;1.338629165387765;1.240344846595;1.2889794697914694
2021-06-18;-1.3366135541889965;-2.0597463156024673;-1.5121242588455979
2021-06-17;0.24506396995123764;-0.12436380982700945;4.571377368225993E-4
2021-06-16;-0.1947109849962052;-0.7963559844588601;-0.17442172670472988
2021-06-15;-0.7489408317444305;-0.5591188505169757;-0.718135865086625
2021-06-14;0.24876796032260545;-0.5101084028859995;0.176628955362574
2021-06-11;0.30945887150987766;0.31579901623769274;0.3544664568245659
2021-06-10;0.35162634405362747;0.3461030316167367;0.0034166491403030963
2021-06-09;-0.10341353358513036;-0.4315534553816476;-0.22598595628994567
2021-06-08;-0.35071221210391035;-0.6099571289734693;-0.2622838331343875
2021-06-07;0.4025708596691466;-0.21271416441721727;0.09657334382388155
2021-06-04;1.4463685249468297;0.9880784256564985;1.2075243349003286
2021-06-03;-0.4059688177741309;0.11647886142534208;-0.32419592576717426
2021-06-02;0.1327703601726769;0.2670134872926177;0.2164169778957628
2021-06-01;-0.21926856317444898;0.12604019785106452;-0.010267632267146054
2021-05-28;-0.0769880327707039;-0.24301549619096813;-0.17669691441961957
2021-05-27;-0.07783345272875483;0.8080315319418498;0.13402945432611768
2021-05-26;0.023282036688875324;0.2848010643526138;0.07569669239926219
2021-05-25;-0.08104907875192638;-0.19366220383011107;-0.20067227593881354
2021-05-24;1.433644525419239;0.5847179255275572;1.0559748772303714
2021-05-21;-0.19743280993451576;0.14962977608236702;-0.15747474167042697
2021-05-20;1.0405411008140761;0.7121150678990573;0.9438268453094203
2021-05-19;-0.1265520265165699;-0.34950895370539337;-0.23307942782842966
2021-05-18;-0.9647704720787207;-0.7662403189670945;-0.9285249301958928
2021-05-17;-0.6236492504862754;-0.15358972547354283;-0.42489212649159525
2021-05-14;1.6762687660745372;0.8326286614661149;1.4130230126156424
2021-05-13;1.7621333927346257;1.3220301712888436;1.640434683051424
2021-05-12;-1.957610377031882;-0.8117069149635786;-1.5335856268368262
2021-05-11;-0.83799770839519;-1.1265064093475228;-0.9284929425545261
2021-05-10;-1.2055319437293248;0.2712039786253627;-0.8585928898080237
2021-05-07;0.6540487541800716;0.15314575201834787;0.45147884885079415
2021-05-06;1.4184522207725754;1.2515244910608871;1.33982972401046
2021-05-05;0.02770855780723288;0.04860998877510718;0.16930029706084743
2021-05-04;-1.0225967873073505;-0.3004030034292724;-0.9221336493311867
2021-05-03;0.13969919538399572;0.5522506354820675;0.29101022143555233
2021-04-30;-0.5504837829736519;-0.5547179752753648;-0.686655655725414
2021-04-29;0.26280009373998964;1.178751985891175;0.582364779906247
2021-04-28;-1.263963926397281;-0.15155325839684702;-0.6610373313550755
2021-04-27;0.12184053537649457;0.01424384853721979;0.06845534167340306
2021-04-26;-0.08515976178503173;-0.9398732529073218;-0.2123241888246213
2021-04-23;1.4108656995341415;0.6132561807055439;1.2398380179980986
2021-04-22;-1.301244760209413;-0.8026800388808844;-1.1651254038983925
2021-04-21;0.7929986773538414;0.8297392349314204;0.6989442749514105
2021-04-20;-0.7048326021013208;-0.28072696145875364;-0.7778291970355428
2021-04-19;-0.2896438566405095;0.23147158312019583;-0.047360419753300464
2021-04-16;0.4715894116319045;0.6556642321314665;0.4186232656317315
2021-04-15;1.1924109869050314;0.6195503535206079;1.0330722997574915
2021-04-14;-1.1913715372364462;-0.5334931819258906;-1.1095066008830576
2021-04-13;0.44378102107341155;-0.4782587628692228;0.3181645930231676
2021-04-12;-0.156750950867393;0.1741824607268106;-0.23092948820643783
2021-04-09;0.9397335958188828;0.34688906220929244;0.8761184770480133
2021-04-08;0.8631316694527522;-0.03386717454299337;0.6753935135960273
2021-04-07;0.9485635265564218;0.538744240033016;0.907570661086379
2021-04-06;-0.2336216080337465;0.2855725261612635;-0.0680745602956346
2021-04-05;1.8356748827846938;0.7976936060839244;1.439328540175865
2021-04-01;1.5640394894856209;0.24987810252211237;0.9850816355142407
2021-03-31;0.575019861949974;-0.6927078223851645;0.22691360708363256
2021-03-30;-0.7956812367456416;-0.7838522200668749;-0.6360028089972523
2021-03-29;-0.32023218854688196;0.6471123871952187;-0.10808556580520666
2021-03-26;1.6183613159759858;1.8782386894713048;1.4547486556992
2021-03-25;-0.11511790240900406;0.7911594829887545;0.3149712306142178
2021-03-24;-0.4662918667360457;0.2423626394102203;-0.3656784576261197
2021-03-23;0.1302225219928984;0.3767675558087889;-0.028208403529794396
2021-03-22;0.9840929844569102;-0.059897292012856096;0.6003377294679906
2021-03-19;-0.4147102623727295;-0.03631091464399834;-0.4090823335313609
2021-03-18;-1.5537600308905963;-0.8192355442743939;-1.2588855614554773
2021-03-17;0.021520779666859766;0.21685082214894313;0.06759832162141577
2021-03-16;0.5430446033590599;0.12844783912933547;0.35741646123201487
2021-03-15;0.24775638027269786;0.7530249235431561;0.5971783779460751
2021-03-12;-0.14010366226401533;0.058390393515522165;-0.05067215783316284
2021-03-11;0.8707732748544381;-0.6334870522808803;0.43398352338641216
2021-03-10;0.2908227901521261;1.1772497324864606;0.5005149242469434
2021-03-09;1.445448651042572;-0.8752150084626362;0.9604835367862747
2021-03-08;-0.8235974431739745;1.2248567644091768;-0.5382051688723014
2021-03-05;1.4966614286945625;1.4349066823823797;1.23537662745565
2021-03-04;-0.7424398175532788;-0.42271198608041183;-0.8116435971796976
2021-03-03;-1.1986566727054568;-0.0373539955478539;-0.7402295935413035
2021-03-02;-0.8927827672445636;0.0633815026300299;-0.7229896889786344
2021-03-01;2.4645926153028856;1.9555700976874235;2.5976531938564693
2021-02-26;-0.2721730834918467;-2.0057722201353094;-0.8363823259620825
2021-02-25;-2.0656641854945503;-1.2674003833261045;-1.893788733606478
2021-02-24;0.6608106630761826;0.6640788024378206;0.5801073022705745
2021-02-23;-0.1124294934335547;-0.005170569555592294;0.0019369706575456773
2021-02-22;-1.2692813426345944;0.6181607944769405;-0.7719936778212683
2021-02-19;-0.372185684785234;-0.6484071949195185;-0.17224030123068682
2021-02-18;0.09999193070615879;0.9206941181594498;0.18889084844820875
2021-02-17;-0.0047182594808496126;-0.07571316981838119;-0.23598918403239855
2021-02-16;-0.05676880831190009;-0.10285458877550069;-0.059089787124351756
2021-02-12;0.5734801566312034;0.8526901969076339;0.6359098779791148
2021-02-11;0.4754746985615918;0.9715098294747717;0.41654067687821117
2021-02-10;-0.2652230141555318;-0.16600655916748203;-0.22457078075884046
2021-02-09;7.66151474685936E-4;-0.3272340509913938;-0.20751241206236984
2021-02-08;0.5138549492629966;0.7164080799813004;0.5771184964336792
2021-02-05;0.1737072304531576;0.8526785796431401;0.2353990059825922
2021-02-04;0.7526421560598453;0.7834175337671456;1.1116599269987102
2021-02-03;0.7779723244553614;0.13817150669512332;0.39798133015203563
2021-02-02;0.921223323887344;1.3252142006270375;1.1292105515787876
2021-02-01;2.0655259964704973;0.978479435412587;1.5151301174864527
2021-01-29;-2.4663423104276436;-1.930329429836923;-2.2630425038966644
2021-01-28;1.374577123275972;1.521405376382749;0.7068935288123536
2021-01-27;-0.8877030783696581;-1.625823053713002;-1.1846071134394482
2021-01-26;0.6825952359653511;0.7525726751329324;0.4977540275183595
2021-01-25;0.9319456336597631;0.308110095719726;0.7872424934243512
2021-01-22;0.0835506306063225;-0.7562915449935287;0.0026073117576410065
2021-01-21;0.5209843131405734;0.226791375727996;0.7324282229337112
2021-01-20;1.8756190123573822;0.30753377571210905;1.282335276865361
2021-01-19;0.7481348147514575;-0.16652036410941154;0.3483797817225881
2021-01-15;-0.8518655022842718;-1.1331813495734047;-1.0352195448642492
2021-01-14;-1.1062290380794217;-1.2973433966235008;-1.0036528118409034
2021-01-13;0.5616970950202596;0.15786359028394015;0.5366640315456846
2021-01-12;-0.24819529943708118;0.0890640753097385;0.025975136041639812
2021-01-11;-0.7191796843932292;-0.9531419094908097;-0.7650296944759833
2021-01-08;0.8070721713413019;1.6101541726680182;0.9129930817280326
2021-01-07;2.348294321907416;0.25641683203827387;1.9377523037568616
2021-01-06;-1.1447370613349879;-1.4303540927551748;-0.9428923222701083
2021-01-05;0.1444409432569815;-0.6198640604063488;0.13162352894656382
2021-01-04;-2.1874844571075016;-3.0039348906139804;-2.2103405666017495
2020-12-31;0.4893422923839244;0.8266498449576113;0.45410671416471377
2020-12-30;-0.4717592026397195;0.3305448397799362;-0.23285151384488345
2020-12-29;-0.4147148968440062;-0.13258330230229384;-0.4359808262570851
2020-12-28;1.3182580755999895;1.1616573526449134;1.4648085361433556
2020-12-24;0.4866775275693873;0.449853244647201;0.40954617332203797
2020-12-23;0.028504984349792636;0.8706708420166251;0.3847400699792789
2020-12-22;0.30142670865114074;-0.3253328534752825;0.31683107214275863
2020-12-21;1.583450056878978;-0.17386187321878524;1.2119906995825467
2020-12-18;-0.35009633811688506;0.4525254292176755;-0.3150420014018993
2020-12-17;0.001661969339352462;0.09782451850140593;0.04699854944007119
2020-12-16;0.947092687129509;-0.6630505053733047;0.3008609825910481
2020-12-15;1.2144660397481588;1.0884818786116661;1.6880225756129366
2020-12-14;-0.12413551319991759;-0.28035589693425167;-0.29369296476425194
2020-12-11;0.48735047196633263;0.39668454611930515;0.1844796934480938
2020-12-10;-0.3617744854014344;-0.5591009157735811;-0.2036579458373674
2020-12-09;-1.3238280686220394;-0.18428303926866318;-1.029476505973098
2020-12-08;0.5290267106024268;0.3504036781478657;0.41673476465937653
2020-12-07;-0.20967361028958775;-1.1677685991046172;-0.2560225864027621
2020-12-04;0.5019735175965712;1.5760772128276161;0.6353967055052305
2020-12-03;-0.1925998047756813;0.6757828659738728;0.003635683862828025
2020-12-02;0.3132306517428664;0.46125584375888207;0.47537744488677564
2020-12-01;1.3807532414352794;1.0238508655531962;1.4741131661355789
2020-11-30;-0.8217317801657622;-1.5366235977628535;-0.7289026906506169
2020-11-27;0.13962008261718684;-0.368968346440596;-0.019075007276458486
2020-11-25;null;null;null